Job Title,Job Description,text
Digital Marketing Specialist,"Social Media Managers oversee an organizations social media presence. They create and schedule content, engage with followers, and analyze social media metrics to drive brand awareness and engagement.",digital marketing specialist social media managers oversee an organizations social media presence they create and schedule content engage with followers and analyze social media metrics to drive brand awareness and engagement
Web Developer,"Frontend Web Developers design and implement user interfaces for websites, ensuring they are visually appealing and user-friendly. They collaborate with designers and backend developers to create seamless web experiences for users.",web developer frontend web developers design and implement user interfaces for websites ensuring they are visually appealing and userfriendly they collaborate with designers and backend developers to create seamless web experiences for users
Operations Manager,"Quality Control Managers establish and enforce quality standards within an organization. They develop quality control processes, perform inspections, and implement corrective actions to maintain product or service quality.",operations manager quality control managers establish and enforce quality standards within an organization they develop quality control processes perform inspections and implement corrective actions to maintain product or service quality
Network Engineer,"Wireless Network Engineers design, implement, and maintain wireless network solutions. They optimize wireless connectivity, troubleshoot issues, and ensure reliable and secure wireless communications.",network engineer wireless network engineers design implement and maintain wireless network solutions they optimize wireless connectivity troubleshoot issues and ensure reliable and secure wireless communications
Event Manager,"A Conference Manager coordinates and manages conferences, meetings, and events. They plan logistics, handle budgeting, liaise with vendors, and ensure the smooth execution of events, catering to the needs and expectations of attendees.",event manager a conference manager coordinates and manages conferences meetings and events they plan logistics handle budgeting liaise with vendors and ensure the smooth execution of events catering to the needs and expectations of attendees
Software Tester,"A Quality Assurance Analyst tests software and products to ensure they meet quality standards. They identify defects, report issues, and work with development teams to resolve problems.",software tester a quality assurance analyst tests software and products to ensure they meet quality standards they identify defects report issues and work with development teams to resolve problems
Teacher,"A Classroom Teacher educates students in a specific subject or grade level. They create lesson plans, deliver instruction, assess student progress, and foster a positive learning environment.",teacher a classroom teacher educates students in a specific subject or grade level they create lesson plans deliver instruction assess student progress and foster a positive learning environment
UX/UI Designer,"User Interface Designers focus on the visual and interactive aspects of digital interfaces. They design layouts, buttons, and other elements to ensure a cohesive and visually appealing user interface.",uxui designer user interface designers focus on the visual and interactive aspects of digital interfaces they design layouts buttons and other elements to ensure a cohesive and visually appealing user interface
UX/UI Designer,Interaction Designers specialize in designing user interactions within digital interfaces. They create meaningful and engaging user experiences by considering user behaviors and system responses.,uxui designer interaction designers specialize in designing user interactions within digital interfaces they create meaningful and engaging user experiences by considering user behaviors and system responses
Wedding Planner,"A Wedding Consultant assists couples in planning and coordinating their weddings, helping them with vendor selection, budget management, and ensuring a seamless wedding day experience.",wedding planner a wedding consultant assists couples in planning and coordinating their weddings helping them with vendor selection budget management and ensuring a seamless wedding day experience
QA Analyst,"Performance Testing Specialists assess the performance of software applications by conducting load, stress, and scalability tests. They identify bottlenecks, optimize performance, and ensure software can handle user demands effectively.",qa analyst performance testing specialists assess the performance of software applications by conducting load stress and scalability tests they identify bottlenecks optimize performance and ensure software can handle user demands effectively
Litigation Attorney,"Family Law Attorneys deal with legal matters related to family relationships. They handle cases like divorce, child custody, adoption, and domestic disputes to provide legal guidance.",litigation attorney family law attorneys deal with legal matters related to family relationships they handle cases like divorce child custody adoption and domestic disputes to provide legal guidance
Mechanical Engineer,"Mechanical Design Engineers create and develop mechanical systems and components, from concept to manufacturing, ensuring functionality and safety.",mechanical engineer mechanical design engineers create and develop mechanical systems and components from concept to manufacturing ensuring functionality and safety
Network Administrator,"Protect an organizations computer networks and systems from security threats, monitor network traffic, and respond to incidents.",network administrator protect an organizations computer networks and systems from security threats monitor network traffic and respond to incidents
Account Manager,"A Sales Account Manager is responsible for building and maintaining relationships with clients, identifying their needs, and proposing tailored solutions to achieve sales targets.",account manager a sales account manager is responsible for building and maintaining relationships with clients identifying their needs and proposing tailored solutions to achieve sales targets
Brand Manager,A Product Brand Manager focuses on promoting and managing the brand identity of specific products or product lines within a companys portfolio.,brand manager a product brand manager focuses on promoting and managing the brand identity of specific products or product lines within a companys portfolio
Social Worker,"Support students social and emotional well-being in schools, collaborate with educators, and connect families with resources.",social worker support students social and emotional wellbeing in schools collaborate with educators and connect families with resources
Social Media Coordinator,"Create engaging and relevant content, such as articles, videos, or social media posts, to promote brands or products.",social media coordinator create engaging and relevant content such as articles videos or social media posts to promote brands or products
Email Marketing Specialist,"Monitor and improve email deliverability rates, troubleshoot delivery issues, and maintain a clean email list.",email marketing specialist monitor and improve email deliverability rates troubleshoot delivery issues and maintain a clean email list
HR Generalist,"HR Coordinators assist in HR functions such as recruitment, onboarding, and employee record maintenance. They often handle administrative tasks, organize training programs, and provide support to the HR department in various ways.",hr generalist hr coordinators assist in hr functions such as recruitment onboarding and employee record maintenance they often handle administrative tasks organize training programs and provide support to the hr department in various ways
Legal Assistant,"Provide administrative support to legal professionals, manage schedules, draft documents, and handle correspondence.",legal assistant provide administrative support to legal professionals manage schedules draft documents and handle correspondence
Nurse Practitioner,"Family Nurse Practitioners specialize in family-centered healthcare, providing comprehensive medical care to individuals of all ages within a family context.",nurse practitioner family nurse practitioners specialize in familycentered healthcare providing comprehensive medical care to individuals of all ages within a family context
Account Director,"Account Strategists work in advertising or marketing agencies, managing client accounts. They develop strategies to meet client goals, oversee campaign execution, and maintain client satisfaction by providing expert guidance and solutions.",account director account strategists work in advertising or marketing agencies managing client accounts they develop strategies to meet client goals oversee campaign execution and maintain client satisfaction by providing expert guidance and solutions
Software Engineer,"A Backend Developer is tasked with building and maintaining the server-side logic and database infrastructure of web applications. They work on the core functionality, data storage, and server communication to ensure the application runs smoothly and efficiently.",software engineer a backend developer is tasked with building and maintaining the serverside logic and database infrastructure of web applications they work on the core functionality data storage and server communication to ensure the application runs smoothly and efficiently
Purchasing Agent,"A Supply Chain Coordinator manages supply chain operations, coordinates logistics, and ensures the seamless flow of goods and materials throughout the supply chain network.",purchasing agent a supply chain coordinator manages supply chain operations coordinates logistics and ensures the seamless flow of goods and materials throughout the supply chain network
Sales Consultant,"B2B Sales Consultants specialize in business-to-business sales. They identify and target potential corporate clients, negotiate contracts, and build long-term relationships to drive sales growth in the B2B market.",sales consultant bb sales consultants specialize in businesstobusiness sales they identify and target potential corporate clients negotiate contracts and build longterm relationships to drive sales growth in the bb market
Civil Engineer,"A Structural Engineer designs and analyzes the structural integrity of buildings, bridges, and other structures. They ensure safety and compliance with engineering standards.",civil engineer a structural engineer designs and analyzes the structural integrity of buildings bridges and other structures they ensure safety and compliance with engineering standards
Network Security Specialist,"SOC Analysts work in security operations centers. They monitor and respond to security incidents, analyze threats, and implement security protocols to protect an organizations assets.",network security specialist soc analysts work in security operations centers they monitor and respond to security incidents analyze threats and implement security protocols to protect an organizations assets
UI Developer,A Front-End Developer specializes in creating the user interface and user experience of websites or applications. They code and design elements that users interact with directly.,ui developer a frontend developer specializes in creating the user interface and user experience of websites or applications they code and design elements that users interact with directly
Financial Planner,"Assist clients with tax planning, minimize tax liabilities, and stay up-to-date with tax laws and regulations.",financial planner assist clients with tax planning minimize tax liabilities and stay uptodate with tax laws and regulations
Event Planner,"Event Coordinators plan and execute various events, including conferences, parties, and meetings, managing logistics, budgets, and vendor relationships.",event planner event coordinators plan and execute various events including conferences parties and meetings managing logistics budgets and vendor relationships
Psychologist,"Clinical Psychologists diagnose and treat mental health disorders. They conduct therapy sessions, assessments, and research to improve patients well-being.",psychologist clinical psychologists diagnose and treat mental health disorders they conduct therapy sessions assessments and research to improve patients wellbeing
Electrical Designer,"Electrical Engineers design and develop electrical systems and devices. They work on projects such as power generation, electronics, and control systems for various industries.",electrical designer electrical engineers design and develop electrical systems and devices they work on projects such as power generation electronics and control systems for various industries
Electrical Designer,"Lighting Designers create lighting plans for architectural and artistic purposes. They enhance spaces with lighting effects, aesthetics, and energy-efficient lighting solutions.",electrical designer lighting designers create lighting plans for architectural and artistic purposes they enhance spaces with lighting effects aesthetics and energyefficient lighting solutions
Data Analyst,"Business Intelligence Analysts gather and analyze data to provide valuable insights to support decision-making within an organization. They create reports, dashboards, and data visualizations to help stakeholders understand trends, patterns, and opportunities in the data.",data analyst business intelligence analysts gather and analyze data to provide valuable insights to support decisionmaking within an organization they create reports dashboards and data visualizations to help stakeholders understand trends patterns and opportunities in the data
Technical Writer,"Content Writers create written content for various platforms. They produce articles, blog posts, and web content to inform, educate, or entertain audiences.",technical writer content writers create written content for various platforms they produce articles blog posts and web content to inform educate or entertain audiences
Tax Consultant,A Personal Tax Consultant provides tax planning and preparation services to individuals. They help clients optimize their tax situations while ensuring compliance with tax laws.,tax consultant a personal tax consultant provides tax planning and preparation services to individuals they help clients optimize their tax situations while ensuring compliance with tax laws
Software Tester,An Automation Tester uses automated testing tools to verify the functionality and performance of software applications. They create and execute automated test scripts.,software tester an automation tester uses automated testing tools to verify the functionality and performance of software applications they create and execute automated test scripts
Account Executive,"A Sales Account Executive is responsible for acquiring and managing business accounts. They identify sales opportunities, negotiate contracts, and meet revenue targets.",account executive a sales account executive is responsible for acquiring and managing business accounts they identify sales opportunities negotiate contracts and meet revenue targets
Systems Administrator,"IT Support Specialists provide technical assistance to end-users, troubleshooting hardware and software problems, setting up equipment, and maintaining IT infrastructure.",systems administrator it support specialists provide technical assistance to endusers troubleshooting hardware and software problems setting up equipment and maintaining it infrastructure
Database Administrator,"A Database Developer designs, develops, and maintains databases. They create efficient data structures, write queries, and ensure data security and integrity.",database administrator a database developer designs develops and maintains databases they create efficient data structures write queries and ensure data security and integrity
Research Analyst,"A Social Science Researcher conducts research in fields such as sociology, psychology, or anthropology to study human behavior and social phenomena, contributing to academic knowledge.",research analyst a social science researcher conducts research in fields such as sociology psychology or anthropology to study human behavior and social phenomena contributing to academic knowledge
Data Entry Clerk,"A Record Keeper is responsible for maintaining accurate records and databases, ensuring data integrity, and assisting in data retrieval when needed.",data entry clerk a record keeper is responsible for maintaining accurate records and databases ensuring data integrity and assisting in data retrieval when needed
Registered Nurse,"A Staff Nurse provides patient care, administers medications, and collaborates with healthcare teams to ensure the well-being of patients in clinical settings.",registered nurse a staff nurse provides patient care administers medications and collaborates with healthcare teams to ensure the wellbeing of patients in clinical settings
Tax Consultant,"An International Tax Consultant focuses on tax matters related to international business operations, ensuring compliance with global tax laws and optimizing tax structures.",tax consultant an international tax consultant focuses on tax matters related to international business operations ensuring compliance with global tax laws and optimizing tax structures
Investment Analyst,A Risk Analyst assesses and manages financial risks within an organization. They use data analysis and modeling to evaluate potential risks and recommend mitigation strategies.,investment analyst a risk analyst assesses and manages financial risks within an organization they use data analysis and modeling to evaluate potential risks and recommend mitigation strategies
Speech Therapist,"Speech Pathologists diagnose and treat speech, language, and swallowing disorders in patients of all ages. They develop personalized treatment plans to improve communication.",speech therapist speech pathologists diagnose and treat speech language and swallowing disorders in patients of all ages they develop personalized treatment plans to improve communication
Sales Manager,"Oversee sales operations within a specific region, develop sales plans, and manage regional sales teams.",sales manager oversee sales operations within a specific region develop sales plans and manage regional sales teams
Social Worker,"Offer counseling and therapy services to individuals, couples, or groups, helping them address mental health concerns.",social worker offer counseling and therapy services to individuals couples or groups helping them address mental health concerns
Landscape Architect,"Develop and implement urban planning strategies, manage land use, and ensure sustainable city development.",landscape architect develop and implement urban planning strategies manage land use and ensure sustainable city development
Key Account Manager,"Strategic Account Managers nurture relationships with key clients. They develop account strategies, address client needs, and seek opportunities for business growth and expansion.",key account manager strategic account managers nurture relationships with key clients they develop account strategies address client needs and seek opportunities for business growth and expansion
UX Researcher,"Conduct user research to understand customer needs, preferences, and behaviors to inform product development.",ux researcher conduct user research to understand customer needs preferences and behaviors to inform product development
Investment Banker,"A Financial Analyst conducts financial analysis, generates reports, and provides insights to support decision-making, budgeting, and financial planning.",investment banker a financial analyst conducts financial analysis generates reports and provides insights to support decisionmaking budgeting and financial planning
IT Support Specialist,"Desktop Support Technicians troubleshoot and maintain desktop computer systems, resolving hardware and software problems for users.",it support specialist desktop support technicians troubleshoot and maintain desktop computer systems resolving hardware and software problems for users
Art Director,"An Art Curator is responsible for managing and preserving a collection of artworks. They curate exhibitions, acquire new pieces, and educate the public about the art.",art director an art curator is responsible for managing and preserving a collection of artworks they curate exhibitions acquire new pieces and educate the public about the art
Software Developer,Mobile App Developers design and develop mobile applications for various platforms. They collaborate with cross-functional teams to create user-friendly and functional mobile apps that meet user needs.,software developer mobile app developers design and develop mobile applications for various platforms they collaborate with crossfunctional teams to create userfriendly and functional mobile apps that meet user needs
Project Manager,"The Agile Project Manager leads Agile teams, facilitating effective project development and delivery. They use Agile methodologies to manage tasks, prioritize work, and adapt to changing requirements while fostering collaboration among team members.",project manager the agile project manager leads agile teams facilitating effective project development and delivery they use agile methodologies to manage tasks prioritize work and adapt to changing requirements while fostering collaboration among team members
Customer Service Manager,"Service Quality Assurance Managers monitor and evaluate service quality in an organization. They develop quality standards, conduct audits, analyze customer feedback, and implement improvements to ensure consistent high-quality service delivery.",customer service manager service quality assurance managers monitor and evaluate service quality in an organization they develop quality standards conduct audits analyze customer feedback and implement improvements to ensure consistent highquality service delivery
Procurement Manager,"Analyze procurement data, identify cost-saving opportunities, and support the procurement process.",procurement manager analyze procurement data identify costsaving opportunities and support the procurement process
Substance Abuse Counselor,"A Family Counselor works with families to address interpersonal issues, improve communication, and resolve conflicts, fostering healthier family dynamics.",substance abuse counselor a family counselor works with families to address interpersonal issues improve communication and resolve conflicts fostering healthier family dynamics
Supply Chain Analyst,"A Logistics Analyst analyzes and optimizes logistics and supply chain operations, identifying cost-saving opportunities, improving transportation efficiency, and enhancing supply chain performance.",supply chain analyst a logistics analyst analyzes and optimizes logistics and supply chain operations identifying costsaving opportunities improving transportation efficiency and enhancing supply chain performance
Data Engineer,"A Data Architect designs and manages data infrastructure, ensuring data availability, security, and integrity while aligning data systems with business goals and requirements.",data engineer a data architect designs and manages data infrastructure ensuring data availability security and integrity while aligning data systems with business goals and requirements
Technical Writer,"Documentation Specialists create and manage documents, manuals, or technical materials. They ensure accuracy, consistency, and accessibility of documentation.",technical writer documentation specialists create and manage documents manuals or technical materials they ensure accuracy consistency and accessibility of documentation
Accountant,"Financial Accountants handle financial records, prepare financial statements, and ensure compliance with accounting standards. They analyze financial data to provide accurate financial reports and support decision-making within the organization.",accountant financial accountants handle financial records prepare financial statements and ensure compliance with accounting standards they analyze financial data to provide accurate financial reports and support decisionmaking within the organization
Sales Representative,"Inside Sales Representatives are responsible for selling products or services to customers over the phone or through online channels. They engage with leads, answer customer inquiries, and use persuasive communication to close sales and meet revenue targets.",sales representative inside sales representatives are responsible for selling products or services to customers over the phone or through online channels they engage with leads answer customer inquiries and use persuasive communication to close sales and meet revenue targets
Purchasing Agent,"An Inventory Manager oversees inventory levels, coordinates stock movements, and optimizes inventory control procedures to ensure efficient stock management and product availability.",purchasing agent an inventory manager oversees inventory levels coordinates stock movements and optimizes inventory control procedures to ensure efficient stock management and product availability
QA Analyst,Automation Test Engineers develop automated test scripts and frameworks to streamline and enhance the testing process. They focus on automating repetitive tests to improve efficiency and maintain test consistency.,qa analyst automation test engineers develop automated test scripts and frameworks to streamline and enhance the testing process they focus on automating repetitive tests to improve efficiency and maintain test consistency
Environmental Consultant,"Sustainability Consultants advise organizations on sustainable practices and strategies. They assess environmental impact, recommend sustainability initiatives, and assist in the development and implementation of sustainable policies.",environmental consultant sustainability consultants advise organizations on sustainable practices and strategies they assess environmental impact recommend sustainability initiatives and assist in the development and implementation of sustainable policies
Electrical Engineer,"Electronics Hardware Engineers develop and design electronic components and systems, from circuit boards to hardware prototypes, ensuring functionality and performance.",electrical engineer electronics hardware engineers develop and design electronic components and systems from circuit boards to hardware prototypes ensuring functionality and performance
Systems Engineer,"The role of a Systems Integration Specialist involves integrating various software and hardware components to create cohesive systems. You will design and implement solutions that enable different systems to communicate and work together seamlessly. Your responsibilities also include troubleshooting integration issues, ensuring data consistency, and collaborating with cross-functional teams.",systems engineer the role of a systems integration specialist involves integrating various software and hardware components to create cohesive systems you will design and implement solutions that enable different systems to communicate and work together seamlessly your responsibilities also include troubleshooting integration issues ensuring data consistency and collaborating with crossfunctional teams
Brand Manager,A Brand Strategist develops strategies to build and strengthen a companys brand identity. They research market trends and consumer preferences to guide branding decisions.,brand manager a brand strategist develops strategies to build and strengthen a companys brand identity they research market trends and consumer preferences to guide branding decisions
Nurse Practitioner,"Acute Care Nurse Practitioners focus on managing acute and critical medical conditions, often working in hospitals or emergency care settings.",nurse practitioner acute care nurse practitioners focus on managing acute and critical medical conditions often working in hospitals or emergency care settings
Litigation Attorney,"Trial Attorneys represent clients in legal proceedings. They prepare cases, conduct trials, and provide legal counsel to clients involved in civil or criminal litigation.",litigation attorney trial attorneys represent clients in legal proceedings they prepare cases conduct trials and provide legal counsel to clients involved in civil or criminal litigation
Network Engineer,"Network Security Engineers focus on protecting network systems from cyber threats. They implement security measures, monitor network traffic, and respond to security incidents to safeguard the organizations data.",network engineer network security engineers focus on protecting network systems from cyber threats they implement security measures monitor network traffic and respond to security incidents to safeguard the organizations data
Psychologist,"Research Psychologists conduct psychological research to advance the fields understanding. They design studies, collect data, and analyze results to inform scientific knowledge.",psychologist research psychologists conduct psychological research to advance the fields understanding they design studies collect data and analyze results to inform scientific knowledge
Art Teacher,"An Art Education Coordinator plans and manages art education programs, curriculum development, and educational outreach to promote art appreciation and learning within communities.",art teacher an art education coordinator plans and manages art education programs curriculum development and educational outreach to promote art appreciation and learning within communities
Human Resources Manager,"Talent Acquisition Managers oversee the recruitment and hiring process. They develop recruitment strategies, source candidates, conduct interviews, and collaborate with hiring managers to attract and hire qualified talent to meet the organizations staffing needs.",human resources manager talent acquisition managers oversee the recruitment and hiring process they develop recruitment strategies source candidates conduct interviews and collaborate with hiring managers to attract and hire qualified talent to meet the organizations staffing needs
Inventory Analyst,"Inventory Control Specialists manage and optimize inventory levels in a business. They track stock, monitor demand, and implement inventory control procedures to ensure efficient operations and minimize carrying costs.",inventory analyst inventory control specialists manage and optimize inventory levels in a business they track stock monitor demand and implement inventory control procedures to ensure efficient operations and minimize carrying costs
Legal Counsel,"Corporate Attorneys provide legal counsel and representation to organizations. They handle legal matters, contracts, mergers, acquisitions, and ensure compliance with laws and regulations relevant to the business.",legal counsel corporate attorneys provide legal counsel and representation to organizations they handle legal matters contracts mergers acquisitions and ensure compliance with laws and regulations relevant to the business
Database Developer,"SQL Database Developers design, implement, and maintain relational databases using SQL (Structured Query Language). They write queries, optimize database performance, and ensure data integrity and security.",database developer sql database developers design implement and maintain relational databases using sql structured query language they write queries optimize database performance and ensure data integrity and security
Procurement Specialist,"Procurement Managers oversee procurement processes, managing vendor relationships, negotiating contracts, and ensuring cost-effective purchasing of goods and services.",procurement specialist procurement managers oversee procurement processes managing vendor relationships negotiating contracts and ensuring costeffective purchasing of goods and services
Systems Analyst,"An IT Analyst assesses and analyzes IT systems, identifying areas for improvement, implementing technology solutions, and providing technical support to users and departments.",systems analyst an it analyst assesses and analyzes it systems identifying areas for improvement implementing technology solutions and providing technical support to users and departments
Account Executive,A Key Account Executive manages strategic accounts for a company. They build strong client relationships and work to expand business opportunities within these key accounts.,account executive a key account executive manages strategic accounts for a company they build strong client relationships and work to expand business opportunities within these key accounts
Copywriter,"Creative Copywriters craft engaging and persuasive copy for marketing materials, advertisements, and content marketing campaigns. They use their writing skills to captivate audiences and convey brand messages effectively.",copywriter creative copywriters craft engaging and persuasive copy for marketing materials advertisements and content marketing campaigns they use their writing skills to captivate audiences and convey brand messages effectively
Digital Marketing Specialist,"SEO Specialists optimize websites for search engines to improve online visibility. They conduct keyword research, optimize content, and implement SEO strategies to increase organic traffic and rankings.",digital marketing specialist seo specialists optimize websites for search engines to improve online visibility they conduct keyword research optimize content and implement seo strategies to increase organic traffic and rankings
Sales Representative,"Account Executives manage and grow relationships with existing clients or customers. They understand client needs, propose solutions, negotiate contracts, and ensure customer satisfaction, often working closely with sales and customer support teams.",sales representative account executives manage and grow relationships with existing clients or customers they understand client needs propose solutions negotiate contracts and ensure customer satisfaction often working closely with sales and customer support teams
Project Manager,"The Construction Project Manager oversees and manages construction projects, ensuring they are completed on time and within budget. They coordinate with contractors, architects, and other stakeholders to ensure successful project delivery.",project manager the construction project manager oversees and manages construction projects ensuring they are completed on time and within budget they coordinate with contractors architects and other stakeholders to ensure successful project delivery
Technical Writer,Instructional Designers develop educational materials and curricula. They design engaging and effective learning experiences for students or employees.,technical writer instructional designers develop educational materials and curricula they design engaging and effective learning experiences for students or employees
Content Writer,"Content Strategists develop and execute content strategies that align with business objectives. They plan content creation, distribution, and promotion to engage audiences and drive brand growth.",content writer content strategists develop and execute content strategies that align with business objectives they plan content creation distribution and promotion to engage audiences and drive brand growth
HR Coordinator,"Training Coordinators design and implement employee training programs. They assess training needs, develop training materials, and facilitate training sessions to enhance employees skills and knowledge.",hr coordinator training coordinators design and implement employee training programs they assess training needs develop training materials and facilitate training sessions to enhance employees skills and knowledge
HR Coordinator,"Recruitment Coordinators support the hiring process by scheduling interviews, screening candidates, and assisting with onboarding. They ensure a smooth recruitment process and maintain candidate records.",hr coordinator recruitment coordinators support the hiring process by scheduling interviews screening candidates and assisting with onboarding they ensure a smooth recruitment process and maintain candidate records
Business Development Manager,"A Strategic Partnerships Manager identifies and develops strategic partnerships and alliances that benefit the organization, fostering collaborations and driving mutual success.",business development manager a strategic partnerships manager identifies and develops strategic partnerships and alliances that benefit the organization fostering collaborations and driving mutual success
Java Developer,"Java Backend Developers specialize in building the server-side components of software applications using Java. They work on database integration, server logic, and performance optimization to ensure efficient and reliable backend functionality.",java developer java backend developers specialize in building the serverside components of software applications using java they work on database integration server logic and performance optimization to ensure efficient and reliable backend functionality
Sales Manager,"Lead and motivate sales teams, set sales targets, and develop sales strategies to meet goals.",sales manager lead and motivate sales teams set sales targets and develop sales strategies to meet goals
Speech Therapist,Pediatric Speech Therapists provide speech therapy to children with speech and language disorders. They assess and treat communication difficulties to improve language skills.,speech therapist pediatric speech therapists provide speech therapy to children with speech and language disorders they assess and treat communication difficulties to improve language skills
Data Engineer,"A Big Data Engineer develops and manages big data solutions, including data storage, processing, and analysis platforms, to extract valuable insights and support data-driven decisions.",data engineer a big data engineer develops and manages big data solutions including data storage processing and analysis platforms to extract valuable insights and support datadriven decisions
Database Developer,"NoSQL Database Engineers work with non-relational databases to store and manage large volumes of unstructured or semi-structured data. They design data models, optimize database performance, and ensure scalability and data consistency.",database developer nosql database engineers work with nonrelational databases to store and manage large volumes of unstructured or semistructured data they design data models optimize database performance and ensure scalability and data consistency
Supply Chain Manager,A Demand Planner analyzes historical sales data to forecast future demand for products. They work to optimize inventory levels and ensure product availability while minimizing costs.,supply chain manager a demand planner analyzes historical sales data to forecast future demand for products they work to optimize inventory levels and ensure product availability while minimizing costs
Wedding Planner,"A Wedding Designer specializes in creating visually appealing wedding designs and décor, transforming wedding venues into beautiful and memorable spaces.",wedding planner a wedding designer specializes in creating visually appealing wedding designs and décor transforming wedding venues into beautiful and memorable spaces
Event Coordinator,"Plan and coordinate events, including selecting venues, managing budgets, arranging logistics, and ensuring a successful outcome.",event coordinator plan and coordinate events including selecting venues managing budgets arranging logistics and ensuring a successful outcome
Investment Analyst,"A Portfolio Manager oversees investment portfolios, making decisions to maximize returns and minimize risks. They analyze financial markets and adjust asset allocations accordingly.",investment analyst a portfolio manager oversees investment portfolios making decisions to maximize returns and minimize risks they analyze financial markets and adjust asset allocations accordingly
Family Nurse Practitioner,Geriatric Nurse Practitioners focus on the healthcare needs of elderly patients. They provide specialized care and address age-related health concerns.,family nurse practitioner geriatric nurse practitioners focus on the healthcare needs of elderly patients they provide specialized care and address agerelated health concerns
Front-End Engineer,"JavaScript Developers write code to create interactive and dynamic web applications. They use JavaScript libraries and frameworks to build client-side functionality, ensuring smooth user interactions and responsive web design.",frontend engineer javascript developers write code to create interactive and dynamic web applications they use javascript libraries and frameworks to build clientside functionality ensuring smooth user interactions and responsive web design
Customer Success Manager,"An Account Manager builds and maintains relationships with clients or customers, ensuring their needs are met and promoting products or services to drive revenue and growth.",customer success manager an account manager builds and maintains relationships with clients or customers ensuring their needs are met and promoting products or services to drive revenue and growth
Procurement Coordinator,"Purchasing Coordinators manage procurement processes. They source and purchase goods and services, negotiate with suppliers, and ensure cost-effective and timely acquisitions.",procurement coordinator purchasing coordinators manage procurement processes they source and purchase goods and services negotiate with suppliers and ensure costeffective and timely acquisitions
Urban Planner,"Transportation Planners design and manage transportation systems. They optimize traffic flow, plan public transit routes, and enhance overall transportation efficiency.",urban planner transportation planners design and manage transportation systems they optimize traffic flow plan public transit routes and enhance overall transportation efficiency
Speech Therapist,Adult Speech Therapists work with adults to address speech and language disorders. They provide therapy and support to improve communication and enhance quality of life.,speech therapist adult speech therapists work with adults to address speech and language disorders they provide therapy and support to improve communication and enhance quality of life
HR Coordinator,"Benefits Coordinators administer employee benefit programs, including health insurance, retirement plans, and other perks. They assist employees with benefit inquiries and ensure compliance with benefit policies.",hr coordinator benefits coordinators administer employee benefit programs including health insurance retirement plans and other perks they assist employees with benefit inquiries and ensure compliance with benefit policies
Architectural Designer,"Interior Designers plan and design interior spaces to meet the functional and aesthetic needs of clients. They select furniture, colors, materials, and layouts to create visually appealing and functional interiors for homes and businesses.",architectural designer interior designers plan and design interior spaces to meet the functional and aesthetic needs of clients they select furniture colors materials and layouts to create visually appealing and functional interiors for homes and businesses
Financial Analyst,"Investment Analysts analyze financial data and market trends to make informed investment recommendations. They research and assess investment opportunities, create financial models, and provide insights to guide investment decisions and portfolio management.",financial analyst investment analysts analyze financial data and market trends to make informed investment recommendations they research and assess investment opportunities create financial models and provide insights to guide investment decisions and portfolio management
Email Marketing Specialist,"Plan, execute, and analyze email marketing campaigns to engage subscribers, increase conversions, and build brand awareness.",email marketing specialist plan execute and analyze email marketing campaigns to engage subscribers increase conversions and build brand awareness
Environmental Engineer,"A Sustainability Specialist promotes sustainability initiatives within organizations, develops sustainability programs, and helps reduce environmental impacts while increasing efficiency.",environmental engineer a sustainability specialist promotes sustainability initiatives within organizations develops sustainability programs and helps reduce environmental impacts while increasing efficiency
Back-End Developer,"A Server Developer specializes in developing and maintaining server-side applications and systems, ensuring efficient data processing and server functionality.",backend developer a server developer specializes in developing and maintaining serverside applications and systems ensuring efficient data processing and server functionality
Network Administrator,"Manage and maintain an organizations IT infrastructure, including servers, hardware, and software systems.",network administrator manage and maintain an organizations it infrastructure including servers hardware and software systems
Structural Engineer,"A Design Engineer creates and develops product designs and specifications, using engineering principles and design software to bring innovative products to market.",structural engineer a design engineer creates and develops product designs and specifications using engineering principles and design software to bring innovative products to market
Market Research Analyst,"A Market Research Coordinator supports market research initiatives by organizing and managing research projects, data collection, and analysis efforts.",market research analyst a market research coordinator supports market research initiatives by organizing and managing research projects data collection and analysis efforts
Customer Service Representative,"A Call Center Agent handles incoming and outgoing customer calls, providing assistance, resolving issues, and ensuring a positive customer experience over the phone.",customer service representative a call center agent handles incoming and outgoing customer calls providing assistance resolving issues and ensuring a positive customer experience over the phone
Customer Support Specialist,"Customer Success Managers focus on ensuring customer satisfaction and retention. They build relationships with clients, understand their needs, and work to maximize the value customers receive from products or services, ultimately driving customer success and loyalty.",customer support specialist customer success managers focus on ensuring customer satisfaction and retention they build relationships with clients understand their needs and work to maximize the value customers receive from products or services ultimately driving customer success and loyalty
Landscape Architect,"Design outdoor spaces, parks, and landscapes with an emphasis on environmental sustainability.",landscape architect design outdoor spaces parks and landscapes with an emphasis on environmental sustainability
Business Analyst,"IT Business Analysts bridge the gap between business needs and technology solutions. They analyze business processes, gather requirements, and create solutions that align with organizational goals.",business analyst it business analysts bridge the gap between business needs and technology solutions they analyze business processes gather requirements and create solutions that align with organizational goals
Social Media Manager,"Social Media Analysts analyze social media data and metrics to provide insights and recommendations for improving social media strategies. They track performance, identify trends, and support data-driven decision-making.",social media manager social media analysts analyze social media data and metrics to provide insights and recommendations for improving social media strategies they track performance identify trends and support datadriven decisionmaking
Family Lawyer,"Child Custody Lawyers specialize in family law, focusing on cases related to child custody and visitation rights. They represent clients in court, provide legal counsel, and advocate for the best interests of children in custody disputes.",family lawyer child custody lawyers specialize in family law focusing on cases related to child custody and visitation rights they represent clients in court provide legal counsel and advocate for the best interests of children in custody disputes
Data Analyst,"Data Scientists use their expertise in data analysis and machine learning to extract valuable insights and predictions from data. They build and train models, conduct statistical analysis, and communicate findings to drive data-driven decision-making in the organization.",data analyst data scientists use their expertise in data analysis and machine learning to extract valuable insights and predictions from data they build and train models conduct statistical analysis and communicate findings to drive datadriven decisionmaking in the organization
Registered Nurse,"A Clinical Nurse Specialist is an advanced practice nurse who specializes in specific patient populations or clinical areas, providing expert care and contributing to improved patient outcomes.",registered nurse a clinical nurse specialist is an advanced practice nurse who specializes in specific patient populations or clinical areas providing expert care and contributing to improved patient outcomes
Chemical Analyst,"In the role of a Quality Control Analyst, you will be responsible for inspecting and testing products to ensure they meet quality standards and specifications. You will use quality control tools and processes to identify defects, document findings, and recommend improvements. Your role is essential in maintaining product quality and customer satisfaction.",chemical analyst in the role of a quality control analyst you will be responsible for inspecting and testing products to ensure they meet quality standards and specifications you will use quality control tools and processes to identify defects document findings and recommend improvements your role is essential in maintaining product quality and customer satisfaction
Electrical Engineer,"Power Systems Engineers design and maintain electrical power systems. They work on generation, transmission, and distribution of electrical power, focusing on safety and efficiency.",electrical engineer power systems engineers design and maintain electrical power systems they work on generation transmission and distribution of electrical power focusing on safety and efficiency
Network Technician,"Network Security Specialists focus on network security. They implement security measures, monitor for threats, and respond to security incidents to protect network integrity.",network technician network security specialists focus on network security they implement security measures monitor for threats and respond to security incidents to protect network integrity
Interior Designer,A Commercial Interior Designer focuses on designing interior spaces for businesses and commercial properties. They optimize layouts for productivity and aesthetics.,interior designer a commercial interior designer focuses on designing interior spaces for businesses and commercial properties they optimize layouts for productivity and aesthetics
Substance Abuse Counselor,"An Addiction Counselor provides support and therapy to individuals struggling with addiction, helping them overcome substance abuse and develop healthier coping strategies.",substance abuse counselor an addiction counselor provides support and therapy to individuals struggling with addiction helping them overcome substance abuse and develop healthier coping strategies
Software Architect,"A Cloud Architect designs and manages cloud-based solutions, optimizing scalability, security, and performance while aligning them with the companys technology strategy.",software architect a cloud architect designs and manages cloudbased solutions optimizing scalability security and performance while aligning them with the companys technology strategy
Business Analyst,"Data Business Analysts focus on data-related projects. They collect and analyze data, identify trends, and provide insights to support data-driven decision-making within the organization.",business analyst data business analysts focus on datarelated projects they collect and analyze data identify trends and provide insights to support datadriven decisionmaking within the organization
Nurse Manager,"Nursing Directors oversee nursing departments in healthcare facilities. They manage nursing staff, develop policies and procedures, and ensure the delivery of high-quality patient care while adhering to regulatory standards.",nurse manager nursing directors oversee nursing departments in healthcare facilities they manage nursing staff develop policies and procedures and ensure the delivery of highquality patient care while adhering to regulatory standards
Veterinarian,"A Small Animal Veterinarian provides medical care to small pets, such as dogs and cats. They diagnose illnesses, perform surgeries, and advise pet owners on healthcare practices.",veterinarian a small animal veterinarian provides medical care to small pets such as dogs and cats they diagnose illnesses perform surgeries and advise pet owners on healthcare practices
Process Engineer,"Chemical Engineers design and oversee processes for the production of chemicals and related products. They conduct experiments, analyze data, and develop processes to optimize production, ensure safety, and minimize environmental impact.",process engineer chemical engineers design and oversee processes for the production of chemicals and related products they conduct experiments analyze data and develop processes to optimize production ensure safety and minimize environmental impact
Research Analyst,"A Market Research Analyst gathers and analyzes data to provide insights into market trends, consumer behavior, and competitive landscapes. They help businesses make informed decisions.",research analyst a market research analyst gathers and analyzes data to provide insights into market trends consumer behavior and competitive landscapes they help businesses make informed decisions
IT Manager,"An Infrastructure Manager is responsible for the operation and maintenance of an organizations IT infrastructure, including servers, networks, and data centers.",it manager an infrastructure manager is responsible for the operation and maintenance of an organizations it infrastructure including servers networks and data centers
Quality Assurance Analyst,"QA Testers assess software and applications for defects and quality issues. They conduct testing procedures, report bugs, and work with development teams to ensure the delivery of high-quality software products.",quality assurance analyst qa testers assess software and applications for defects and quality issues they conduct testing procedures report bugs and work with development teams to ensure the delivery of highquality software products
Project Manager,"IT Project Managers plan, execute, and oversee IT projects. They define project scope, allocate resources, manage budgets, and ensure projects are delivered on time and within scope. They also communicate project status and risks to stakeholders.",project manager it project managers plan execute and oversee it projects they define project scope allocate resources manage budgets and ensure projects are delivered on time and within scope they also communicate project status and risks to stakeholders
Account Manager,"Build and maintain strong client relationships, understand their needs, and ensure client satisfaction.",account manager build and maintain strong client relationships understand their needs and ensure client satisfaction
Web Developer,"Backend Web Developers build and maintain the server-side logic and infrastructure required for web applications. They work on data storage, APIs, and server communication to support the functionality of web applications.",web developer backend web developers build and maintain the serverside logic and infrastructure required for web applications they work on data storage apis and server communication to support the functionality of web applications
Pharmaceutical Sales Representative,"Medical Sales Specialists focus on selling medical devices, pharmaceuticals, or healthcare products to healthcare professionals and institutions.",pharmaceutical sales representative medical sales specialists focus on selling medical devices pharmaceuticals or healthcare products to healthcare professionals and institutions
Office Manager,"Office Coordinators provide administrative support within an office. They assist with tasks like scheduling, record-keeping, and communication to ensure efficient office operations.",office manager office coordinators provide administrative support within an office they assist with tasks like scheduling recordkeeping and communication to ensure efficient office operations
Legal Assistant,"Assist lawyers with legal research, document preparation, and case management in law firms or legal departments.",legal assistant assist lawyers with legal research document preparation and case management in law firms or legal departments
Architect,"Project Architects lead architectural projects, from concept to completion, coordinating design teams, managing budgets, and ensuring compliance with regulations.",architect project architects lead architectural projects from concept to completion coordinating design teams managing budgets and ensuring compliance with regulations
Software Tester,A Performance Tester assesses the performance and scalability of software applications. They conduct load and stress testing to identify bottlenecks and optimize performance.,software tester a performance tester assesses the performance and scalability of software applications they conduct load and stress testing to identify bottlenecks and optimize performance
Pharmaceutical Sales Representative,"Territory Sales Managers oversee a specific sales territory, managing sales teams, setting goals, and developing strategies to meet sales objectives.",pharmaceutical sales representative territory sales managers oversee a specific sales territory managing sales teams setting goals and developing strategies to meet sales objectives
IT Support Specialist,"Help Desk Support Specialists provide technical assistance and support to end-users, resolving IT issues and ensuring smooth operations.",it support specialist help desk support specialists provide technical assistance and support to endusers resolving it issues and ensuring smooth operations
Teacher,"A Special Education Teacher works with students who have disabilities, tailoring instruction to meet their unique needs and ensuring they have access to a quality education.",teacher a special education teacher works with students who have disabilities tailoring instruction to meet their unique needs and ensuring they have access to a quality education
Quality Assurance Analyst,"Test Automation Engineers automate testing processes using scripts and tools. They design and maintain automated test suites to streamline testing efforts, improve efficiency, and enhance software quality.",quality assurance analyst test automation engineers automate testing processes using scripts and tools they design and maintain automated test suites to streamline testing efforts improve efficiency and enhance software quality
Physician Assistant,"Assist surgeons in the operating room, perform pre- and post-operative care, and collaborate on surgical procedures.",physician assistant assist surgeons in the operating room perform pre and postoperative care and collaborate on surgical procedures
Data Entry Clerk,"An Administrative Assistant provides administrative support to the organization, including scheduling, document management, and assisting in day-to-day operations.",data entry clerk an administrative assistant provides administrative support to the organization including scheduling document management and assisting in daytoday operations
Data Analyst,"Data Quality Analysts ensure the accuracy, completeness, and consistency of data within an organization. They develop and implement data quality standards, perform data validation, and identify and resolve data quality issues to maintain data integrity.",data analyst data quality analysts ensure the accuracy completeness and consistency of data within an organization they develop and implement data quality standards perform data validation and identify and resolve data quality issues to maintain data integrity
Accountant,"Tax Accountants specialize in tax-related matters. They prepare tax returns, assist with tax planning, and ensure compliance with tax laws and regulations. They stay updated on tax codes and advise organizations on tax strategies.",accountant tax accountants specialize in taxrelated matters they prepare tax returns assist with tax planning and ensure compliance with tax laws and regulations they stay updated on tax codes and advise organizations on tax strategies
Veterinarian,"An Equine Veterinarian specializes in the health and well-being of horses. They diagnose and treat equine illnesses, perform surgeries, and provide preventive care for horses.",veterinarian an equine veterinarian specializes in the health and wellbeing of horses they diagnose and treat equine illnesses perform surgeries and provide preventive care for horses
Investment Banker,"An Investment Portfolio Manager manages investment portfolios, making investment decisions, monitoring performance, and optimizing asset allocation for clients or the organization.",investment banker an investment portfolio manager manages investment portfolios making investment decisions monitoring performance and optimizing asset allocation for clients or the organization
Marketing Director,"Brand Directors oversee brand management and strategy. They ensure brand consistency, guide marketing initiatives, and work to enhance brand perception and recognition.",marketing director brand directors oversee brand management and strategy they ensure brand consistency guide marketing initiatives and work to enhance brand perception and recognition
Operations Manager,"Operations Directors oversee the daily operations of an organization. They develop and implement operational strategies, manage teams, and work to optimize processes to achieve business goals and efficiency.",operations manager operations directors oversee the daily operations of an organization they develop and implement operational strategies manage teams and work to optimize processes to achieve business goals and efficiency
Sales Manager,"Manage key client accounts, build strong relationships, and drive revenue growth.",sales manager manage key client accounts build strong relationships and drive revenue growth
Front-End Developer,"An Accessibility Developer focuses on making digital products and websites accessible to individuals with disabilities, ensuring compliance with accessibility standards.",frontend developer an accessibility developer focuses on making digital products and websites accessible to individuals with disabilities ensuring compliance with accessibility standards
Research Scientist,"Senior Researchers lead research initiatives within organizations. They design research projects, collect and analyze data, and provide insights to inform strategic decision-making and innovation efforts.",research scientist senior researchers lead research initiatives within organizations they design research projects collect and analyze data and provide insights to inform strategic decisionmaking and innovation efforts
Java Developer,"Java Software Engineers develop and maintain software applications using the Java programming language. They write code, debug applications, and collaborate with cross-functional teams to deliver high-quality software solutions.",java developer java software engineers develop and maintain software applications using the java programming language they write code debug applications and collaborate with crossfunctional teams to deliver highquality software solutions
Interior Designer,"A Residential Interior Designer plans and designs interior spaces in homes. They select furnishings, colors, and layouts to create functional and aesthetically pleasing environments.",interior designer a residential interior designer plans and designs interior spaces in homes they select furnishings colors and layouts to create functional and aesthetically pleasing environments
Executive Assistant,"Office Managers oversee daily office operations, including supervising staff, managing facilities, and ensuring efficient workflow. They may also handle budgeting, resource allocation, and office policies.",executive assistant office managers oversee daily office operations including supervising staff managing facilities and ensuring efficient workflow they may also handle budgeting resource allocation and office policies
HR Manager,"A Human Resources Director leads HR functions, including talent acquisition, employee development, and HR strategy, to promote a positive work environment and support organizational goals.",hr manager a human resources director leads hr functions including talent acquisition employee development and hr strategy to promote a positive work environment and support organizational goals
Executive Assistant,"A Personal Assistant provides administrative support to individuals or executives. Their duties include managing schedules, arranging meetings, handling correspondence, and performing various tasks to enhance efficiency.",executive assistant a personal assistant provides administrative support to individuals or executives their duties include managing schedules arranging meetings handling correspondence and performing various tasks to enhance efficiency
Pharmaceutical Sales Representative,"Sales Representatives promote and sell products or services to customers, build relationships, and meet sales targets through effective communication and negotiation.",pharmaceutical sales representative sales representatives promote and sell products or services to customers build relationships and meet sales targets through effective communication and negotiation
Litigation Attorney,"Corporate Litigators specialize in corporate law. They handle legal matters related to businesses, such as mergers, acquisitions, contracts, and disputes, to protect corporate interests.",litigation attorney corporate litigators specialize in corporate law they handle legal matters related to businesses such as mergers acquisitions contracts and disputes to protect corporate interests
Veterinarian,"Provide medical care and treatment to exotic animals, diagnose illnesses, perform surgeries, and educate owners on animal care.",veterinarian provide medical care and treatment to exotic animals diagnose illnesses perform surgeries and educate owners on animal care
Marketing Manager,"Brand Managers are responsible for maintaining and enhancing a brands image and reputation. They develop brand strategies, oversee branding campaigns, and ensure brand consistency in all marketing and communication efforts.",marketing manager brand managers are responsible for maintaining and enhancing a brands image and reputation they develop brand strategies oversee branding campaigns and ensure brand consistency in all marketing and communication efforts
Procurement Specialist,"Sourcing Analysts research and analyze potential suppliers, evaluate procurement strategies, and negotiate contracts to secure cost-effective and quality supplies.",procurement specialist sourcing analysts research and analyze potential suppliers evaluate procurement strategies and negotiate contracts to secure costeffective and quality supplies
Human Resources Manager,"Employee Relations Specialists focus on maintaining positive relationships between employees and the organization. They address workplace issues, conduct investigations, mediate conflicts, and promote a healthy and productive work environment.",human resources manager employee relations specialists focus on maintaining positive relationships between employees and the organization they address workplace issues conduct investigations mediate conflicts and promote a healthy and productive work environment
Art Teacher,"A Fine Arts Instructor teaches various forms of fine arts, such as painting, sculpture, or drawing, to students, guiding them in developing their artistic skills and creativity.",art teacher a fine arts instructor teaches various forms of fine arts such as painting sculpture or drawing to students guiding them in developing their artistic skills and creativity
Public Relations Specialist,"Brand PR Specialists focus on promoting and maintaining a positive brand image through media relations, events, and communication efforts.",public relations specialist brand pr specialists focus on promoting and maintaining a positive brand image through media relations events and communication efforts
Financial Controller,"Finance Managers oversee an organizations financial operations, including budgeting, financial reporting, and investment management. They analyze financial data, make strategic financial decisions, and ensure compliance with financial regulations.",financial controller finance managers oversee an organizations financial operations including budgeting financial reporting and investment management they analyze financial data make strategic financial decisions and ensure compliance with financial regulations
Network Engineer,"Network Administrators manage an organizations computer networks. They configure, monitor, and maintain network infrastructure, ensuring optimal performance and security.",network engineer network administrators manage an organizations computer networks they configure monitor and maintain network infrastructure ensuring optimal performance and security
Environmental Consultant,"Environmental Impact Analysts assess the environmental consequences of projects or activities. They conduct studies, analyze data, and provide recommendations to minimize adverse environmental effects and promote sustainable practices.",environmental consultant environmental impact analysts assess the environmental consequences of projects or activities they conduct studies analyze data and provide recommendations to minimize adverse environmental effects and promote sustainable practices
Investment Advisor,"Wealth Advisors provide financial advice to clients. They assess financial goals, create investment strategies, and offer guidance on wealth management and financial planning.",investment advisor wealth advisors provide financial advice to clients they assess financial goals create investment strategies and offer guidance on wealth management and financial planning
Financial Analyst,"Financial Planners help clients achieve their financial goals by providing personalized financial advice and investment strategies. They assess clients financial situations, develop financial plans, and offer recommendations on savings, investments, and retirement planning.",financial analyst financial planners help clients achieve their financial goals by providing personalized financial advice and investment strategies they assess clients financial situations develop financial plans and offer recommendations on savings investments and retirement planning
Aerospace Engineer,Systems Engineers design and manage complex systems and infrastructure. They integrate various components and technologies to ensure optimal system performance and reliability.,aerospace engineer systems engineers design and manage complex systems and infrastructure they integrate various components and technologies to ensure optimal system performance and reliability
Procurement Specialist,"Procurement Coordinators assist in procurement activities, including vendor communication, purchase order processing, and inventory management.",procurement specialist procurement coordinators assist in procurement activities including vendor communication purchase order processing and inventory management
Market Research Analyst,"A Market Researcher gathers and analyzes market data to provide insights on consumer behavior, market trends, and competitor activities, aiding in informed business decisions.",market research analyst a market researcher gathers and analyzes market data to provide insights on consumer behavior market trends and competitor activities aiding in informed business decisions
Operations Manager,"Supply Chain Managers manage the end-to-end supply chain process, from procurement to distribution. They optimize logistics, reduce costs, and ensure the efficient flow of products or services to meet customer demand.",operations manager supply chain managers manage the endtoend supply chain process from procurement to distribution they optimize logistics reduce costs and ensure the efficient flow of products or services to meet customer demand
Marketing Analyst,"Analyze data sets, generate insights, and provide data-driven recommendations to inform business decisions.",marketing analyst analyze data sets generate insights and provide datadriven recommendations to inform business decisions
Procurement Manager,"Develop and execute sourcing strategies to procure goods and services, negotiate contracts, and manage supplier relationships.",procurement manager develop and execute sourcing strategies to procure goods and services negotiate contracts and manage supplier relationships
Paralegal,"Assist in real estate transactions, including title searches, closings, and contract preparation.",paralegal assist in real estate transactions including title searches closings and contract preparation
Landscape Designer,"Commercial Landscape Architects design outdoor spaces for commercial properties, such as office complexes and retail centers. They create functional and aesthetically pleasing landscapes that align with the clients goals and needs.",landscape designer commercial landscape architects design outdoor spaces for commercial properties such as office complexes and retail centers they create functional and aesthetically pleasing landscapes that align with the clients goals and needs
Urban Planner,"City Planners develop and implement urban planning strategies. They work to improve communities, manage resources, and address issues related to land use and infrastructure.",urban planner city planners develop and implement urban planning strategies they work to improve communities manage resources and address issues related to land use and infrastructure
Web Designer,"Frontend Web Designers create the visual elements and user interfaces of websites. They use HTML, CSS, and JavaScript to design responsive, user-friendly web pages, ensuring a seamless and visually appealing online experience.",web designer frontend web designers create the visual elements and user interfaces of websites they use html css and javascript to design responsive userfriendly web pages ensuring a seamless and visually appealing online experience
Occupational Therapist,A Pediatric Occupational Therapist helps children with developmental or physical challenges improve their motor and life skills through therapy interventions.,occupational therapist a pediatric occupational therapist helps children with developmental or physical challenges improve their motor and life skills through therapy interventions
Art Director,"Visual Designers create visual content, including graphics, illustrations, and layouts, to convey messages and enhance brand identity.",art director visual designers create visual content including graphics illustrations and layouts to convey messages and enhance brand identity
Architect,"Sustainable Design Specialists incorporate eco-friendly practices into architectural designs, promoting energy efficiency and environmental sustainability.",architect sustainable design specialists incorporate ecofriendly practices into architectural designs promoting energy efficiency and environmental sustainability
Public Relations Specialist,"Crisis Communication Managers develop strategies to manage and respond to crises, maintaining the organizations reputation during challenging times.",public relations specialist crisis communication managers develop strategies to manage and respond to crises maintaining the organizations reputation during challenging times
HR Manager,"An HR Compliance Specialist ensures adherence to employment laws and regulations, conducts audits, and provides guidance to maintain legal compliance within the organization.",hr manager an hr compliance specialist ensures adherence to employment laws and regulations conducts audits and provides guidance to maintain legal compliance within the organization
Social Worker,"Work with at-risk children and families, assess needs, provide support, and ensure child safety and well-being.",social worker work with atrisk children and families assess needs provide support and ensure child safety and wellbeing
Account Executive,"An Advertising Account Executive works in advertising agencies, managing client accounts and overseeing the creation and execution of advertising campaigns.",account executive an advertising account executive works in advertising agencies managing client accounts and overseeing the creation and execution of advertising campaigns
Legal Advisor,"In the role of In-House Counsel, you will provide legal support to the organization across various areas, including contracts, employment law, and regulatory compliance. You will draft legal documents, handle litigation matters, and advise on legal risks affecting day-to-day operations. Your role is crucial in ensuring the company operates within the bounds of the law.",legal advisor in the role of inhouse counsel you will provide legal support to the organization across various areas including contracts employment law and regulatory compliance you will draft legal documents handle litigation matters and advise on legal risks affecting daytoday operations your role is crucial in ensuring the company operates within the bounds of the law
Civil Engineer,"A Water Resources Engineer manages and develops water-related projects, such as dams, irrigation systems, and flood control measures, to ensure water resource sustainability.",civil engineer a water resources engineer manages and develops waterrelated projects such as dams irrigation systems and flood control measures to ensure water resource sustainability
Marketing Coordinator,"Marketing Specialists develop and implement marketing campaigns, analyze market trends, and promote products or services to target audiences.",marketing coordinator marketing specialists develop and implement marketing campaigns analyze market trends and promote products or services to target audiences
Dental Hygienist,A Dental Hygiene Educator teaches dental hygiene practices and oral health to students or the community. They promote preventive care and raise awareness about dental health.,dental hygienist a dental hygiene educator teaches dental hygiene practices and oral health to students or the community they promote preventive care and raise awareness about dental health
Office Manager,"Administrative Managers oversee office operations. They manage administrative staff, coordinate tasks, and ensure smooth office functioning to support the organizations goals.",office manager administrative managers oversee office operations they manage administrative staff coordinate tasks and ensure smooth office functioning to support the organizations goals
SEM Specialist,"SEM Analysts analyze search engine marketing (SEM) campaigns. They monitor performance, optimize keyword strategies, and provide insights to improve the effectiveness of SEM efforts.",sem specialist sem analysts analyze search engine marketing sem campaigns they monitor performance optimize keyword strategies and provide insights to improve the effectiveness of sem efforts
SEO Specialist,"Technical SEO Specialists optimize website infrastructure, addressing issues like site speed, mobile-friendliness, and structured data to enhance search engine visibility.",seo specialist technical seo specialists optimize website infrastructure addressing issues like site speed mobilefriendliness and structured data to enhance search engine visibility
Event Coordinator,"Coordinate corporate events, conferences, and meetings, handle logistics, and ensure a seamless experience for attendees.",event coordinator coordinate corporate events conferences and meetings handle logistics and ensure a seamless experience for attendees
Front-End Engineer,"UI/UX Front-End Developers focus on creating user-friendly and visually appealing interfaces for web and mobile applications. They work on user experience design, responsive layouts, and front-end development to optimize user interactions.",frontend engineer uiux frontend developers focus on creating userfriendly and visually appealing interfaces for web and mobile applications they work on user experience design responsive layouts and frontend development to optimize user interactions
Pediatrician,"Pediatric Surgeons specialize in performing surgical procedures on children, including infants and adolescents. They diagnose surgical conditions, perform surgeries, and collaborate with other healthcare professionals to ensure the best outcomes.",pediatrician pediatric surgeons specialize in performing surgical procedures on children including infants and adolescents they diagnose surgical conditions perform surgeries and collaborate with other healthcare professionals to ensure the best outcomes
Executive Assistant,"Project Coordinators assist in planning, executing, and monitoring projects. They facilitate communication among team members, track project progress, and ensure tasks are completed on time.",executive assistant project coordinators assist in planning executing and monitoring projects they facilitate communication among team members track project progress and ensure tasks are completed on time
QA Engineer,"A QA Manager is responsible for leading and managing the quality assurance team. They ensure product quality, develop and implement QA processes, and maintain quality standards.",qa engineer a qa manager is responsible for leading and managing the quality assurance team they ensure product quality develop and implement qa processes and maintain quality standards
Investment Banker,"A Mergers and Acquisitions Advisor assists in evaluating potential mergers and acquisitions, conducting due diligence, and providing strategic recommendations for corporate transactions.",investment banker a mergers and acquisitions advisor assists in evaluating potential mergers and acquisitions conducting due diligence and providing strategic recommendations for corporate transactions
Process Engineer,"Industrial Engineers focus on improving efficiency and productivity in various industries. They analyze processes, design systems, and implement solutions to streamline operations, reduce costs, and enhance quality.",process engineer industrial engineers focus on improving efficiency and productivity in various industries they analyze processes design systems and implement solutions to streamline operations reduce costs and enhance quality
Copywriter,SEO Copywriters specialize in creating content optimized for search engines. They incorporate keywords and SEO best practices to improve online visibility and search engine rankings for web pages and articles.,copywriter seo copywriters specialize in creating content optimized for search engines they incorporate keywords and seo best practices to improve online visibility and search engine rankings for web pages and articles
Marketing Manager,"Product Marketing Managers promote and market products or services. They create marketing strategies, conduct market research, develop messaging, and collaborate with cross-functional teams to launch and promote products effectively in the market.",marketing manager product marketing managers promote and market products or services they create marketing strategies conduct market research develop messaging and collaborate with crossfunctional teams to launch and promote products effectively in the market
Data Scientist,"Machine Learning Engineers develop machine learning models and algorithms, working on tasks like data preprocessing, model training, and deployment.",data scientist machine learning engineers develop machine learning models and algorithms working on tasks like data preprocessing model training and deployment
Marketing Coordinator,"Digital Marketing Coordinators manage online marketing efforts, including social media, email marketing, and SEO, to drive digital engagement and growth.",marketing coordinator digital marketing coordinators manage online marketing efforts including social media email marketing and seo to drive digital engagement and growth
Architect,"Architectural Designers create architectural plans and designs for buildings and structures, considering aesthetics, functionality, and safety standards.",architect architectural designers create architectural plans and designs for buildings and structures considering aesthetics functionality and safety standards
Software Engineer,"A Frontend Developer is responsible for designing and implementing user interfaces for web applications. They collaborate with designers to create visually appealing and responsive web pages, ensuring a seamless user experience across different devices and browsers.",software engineer a frontend developer is responsible for designing and implementing user interfaces for web applications they collaborate with designers to create visually appealing and responsive web pages ensuring a seamless user experience across different devices and browsers
Database Administrator,"A Database Analyst examines and interprets data stored in databases. They generate reports, identify trends, and provide insights to support business decision-making.",database administrator a database analyst examines and interprets data stored in databases they generate reports identify trends and provide insights to support business decisionmaking
SEO Specialist,"Content SEO Strategists create SEO strategies specifically for content, focusing on keyword integration, content quality, and user engagement to boost organic traffic.",seo specialist content seo strategists create seo strategies specifically for content focusing on keyword integration content quality and user engagement to boost organic traffic
Customer Service Representative,"A Live Chat Support Agent provides customer support through live chat channels, addressing inquiries, troubleshooting issues, and offering timely solutions.",customer service representative a live chat support agent provides customer support through live chat channels addressing inquiries troubleshooting issues and offering timely solutions
Legal Counsel,"An Intellectual Property Lawyer specializes in protecting and managing intellectual property rights, including patents, trademarks, and copyrights. They provide legal advice, handle trademark registration, patent applications, and enforce IP rights.",legal counsel an intellectual property lawyer specializes in protecting and managing intellectual property rights including patents trademarks and copyrights they provide legal advice handle trademark registration patent applications and enforce ip rights
Financial Advisor,Wealth Management Advisors provide comprehensive financial planning and investment management services to high-net-worth individuals and families.,financial advisor wealth management advisors provide comprehensive financial planning and investment management services to highnetworth individuals and families
Art Teacher,"A Studio Art Teacher instructs students in studio art practices, providing hands-on guidance in creating art and fostering artistic expression and skill development.",art teacher a studio art teacher instructs students in studio art practices providing handson guidance in creating art and fostering artistic expression and skill development
Data Engineer,"An ETL Developer specializes in designing and implementing Extract, Transform, Load (ETL) processes to move and transform data between systems, supporting data integration and analytics.",data engineer an etl developer specializes in designing and implementing extract transform load etl processes to move and transform data between systems supporting data integration and analytics
Personal Assistant,"Personal Secretaries provide administrative support to individuals or executives. They manage schedules, handle correspondence, and assist with various tasks to ensure efficiency.",personal assistant personal secretaries provide administrative support to individuals or executives they manage schedules handle correspondence and assist with various tasks to ensure efficiency
Customer Support Specialist,"Technical Support Specialists assist customers or end-users with technical issues related to products or services. They provide troubleshooting, resolve problems, and offer technical guidance through various communication channels, ensuring customer satisfaction.",customer support specialist technical support specialists assist customers or endusers with technical issues related to products or services they provide troubleshooting resolve problems and offer technical guidance through various communication channels ensuring customer satisfaction
Paralegal,"Provide legal support to corporate legal teams, assist with mergers and acquisitions, and manage corporate records.",paralegal provide legal support to corporate legal teams assist with mergers and acquisitions and manage corporate records
SEO Analyst,"As a Technical SEO Analyst, your role is to analyze website performance and identify opportunities for optimization. You will work on improving site speed, mobile-friendliness, and other technical aspects to enhance search engine rankings. You will also perform keyword research, conduct competitive analysis, and provide recommendations to improve website SEO.",seo analyst as a technical seo analyst your role is to analyze website performance and identify opportunities for optimization you will work on improving site speed mobilefriendliness and other technical aspects to enhance search engine rankings you will also perform keyword research conduct competitive analysis and provide recommendations to improve website seo
Nurse Practitioner,"Primary Care Nurse Practitioners provide essential healthcare services, diagnosing and treating common medical conditions, and offering preventive care to patients.",nurse practitioner primary care nurse practitioners provide essential healthcare services diagnosing and treating common medical conditions and offering preventive care to patients
Financial Controller,"Accounting Controllers manage an organizations accounting and financial reporting functions. They ensure accurate financial records, compliance with accounting standards, and timely financial reporting to support informed decision-making.",financial controller accounting controllers manage an organizations accounting and financial reporting functions they ensure accurate financial records compliance with accounting standards and timely financial reporting to support informed decisionmaking
Supply Chain Manager,"A Logistics Manager oversees the movement and storage of goods in a supply chain. They plan, implement, and manage the efficient transportation and distribution of products.",supply chain manager a logistics manager oversees the movement and storage of goods in a supply chain they plan implement and manage the efficient transportation and distribution of products
Family Nurse Practitioner,"Primary Care Providers offer general medical care to patients. They diagnose and treat common health issues, perform check-ups, and refer patients to specialists as needed.",family nurse practitioner primary care providers offer general medical care to patients they diagnose and treat common health issues perform checkups and refer patients to specialists as needed
Social Media Manager,"Social Media Strategists develop and execute social media strategies to achieve marketing goals. They analyze social media trends, create content calendars, and measure the effectiveness of social media campaigns.",social media manager social media strategists develop and execute social media strategies to achieve marketing goals they analyze social media trends create content calendars and measure the effectiveness of social media campaigns
UI Developer,A UX/UI Designer focuses on enhancing user experiences by designing intuitive interfaces. They consider user needs and preferences to create visually appealing and functional designs.,ui developer a uxui designer focuses on enhancing user experiences by designing intuitive interfaces they consider user needs and preferences to create visually appealing and functional designs
Customer Service Manager,"Customer Support Managers oversee a team of customer support representatives. They set performance goals, resolve complex customer issues, and develop strategies to improve customer satisfaction and the efficiency of support operations.",customer service manager customer support managers oversee a team of customer support representatives they set performance goals resolve complex customer issues and develop strategies to improve customer satisfaction and the efficiency of support operations
Occupational Therapist,A Geriatric Occupational Therapist works with elderly individuals to address age-related health issues and maintain independence and quality of life.,occupational therapist a geriatric occupational therapist works with elderly individuals to address agerelated health issues and maintain independence and quality of life
UX/UI Designer,"User Experience Designers create intuitive and user-friendly digital interfaces. They conduct user research, design prototypes, and work to enhance the overall user experience of websites and applications.",uxui designer user experience designers create intuitive and userfriendly digital interfaces they conduct user research design prototypes and work to enhance the overall user experience of websites and applications
Network Analyst,"Network Performance Analysts monitor and optimize network performance. They collect and analyze network data, identify issues, and implement solutions to enhance network speed, reliability, and efficiency.",network analyst network performance analysts monitor and optimize network performance they collect and analyze network data identify issues and implement solutions to enhance network speed reliability and efficiency
Systems Administrator,"Database Administrators manage databases, ensuring data integrity, security, and efficient performance. They design, implement, and maintain databases while troubleshooting issues.",systems administrator database administrators manage databases ensuring data integrity security and efficient performance they design implement and maintain databases while troubleshooting issues
Mechanical Designer,Create and modify technical drawings using computer-aided design (CAD) software for various engineering projects.,mechanical designer create and modify technical drawings using computeraided design cad software for various engineering projects
Front-End Developer,A UI/UX Developer combines design and technical skills to create user-friendly interfaces for digital products. They ensure a seamless and visually appealing user experience.,frontend developer a uiux developer combines design and technical skills to create userfriendly interfaces for digital products they ensure a seamless and visually appealing user experience
Legal Advisor,"As a Corporate Counsel, you will focus on legal matters related to corporate governance, mergers and acquisitions, and corporate compliance. You will draft and review corporate documents, oversee compliance programs, and handle complex legal negotiations. Your role includes managing legal relationships with external partners and providing strategic legal guidance to the company.",legal advisor as a corporate counsel you will focus on legal matters related to corporate governance mergers and acquisitions and corporate compliance you will draft and review corporate documents oversee compliance programs and handle complex legal negotiations your role includes managing legal relationships with external partners and providing strategic legal guidance to the company
Brand Manager,A Brand Marketing Analyst analyzes market data and consumer behavior to assess the effectiveness of branding strategies. They provide insights to improve brand marketing efforts.,brand manager a brand marketing analyst analyzes market data and consumer behavior to assess the effectiveness of branding strategies they provide insights to improve brand marketing efforts
Mechanical Engineer,"Manufacturing Engineers optimize manufacturing processes, improve production efficiency, and ensure product quality in manufacturing environments.",mechanical engineer manufacturing engineers optimize manufacturing processes improve production efficiency and ensure product quality in manufacturing environments
Purchasing Agent,"A Procurement Specialist manages procurement processes, negotiates with suppliers, and ensures cost-effective purchasing of goods and services to meet organizational needs.",purchasing agent a procurement specialist manages procurement processes negotiates with suppliers and ensures costeffective purchasing of goods and services to meet organizational needs
Network Security Specialist,"A Security Consultant is responsible for assessing an organizations security infrastructure, identifying vulnerabilities, and recommending solutions to enhance security. They conduct risk assessments, implement security measures, and provide guidance on security policies and procedures.",network security specialist a security consultant is responsible for assessing an organizations security infrastructure identifying vulnerabilities and recommending solutions to enhance security they conduct risk assessments implement security measures and provide guidance on security policies and procedures
IT Manager,"An IT Director oversees an organizations IT department and technology infrastructure. They develop IT strategies, manage budgets, and ensure IT systems support business objectives.",it manager an it director oversees an organizations it department and technology infrastructure they develop it strategies manage budgets and ensure it systems support business objectives
Marketing Specialist,"Marketing Analytics Specialists analyze marketing data to derive insights and inform marketing strategies. They use tools like Google Analytics and data analysis software to track campaign performance, customer behavior, and market trends.",marketing specialist marketing analytics specialists analyze marketing data to derive insights and inform marketing strategies they use tools like google analytics and data analysis software to track campaign performance customer behavior and market trends
Research Scientist,"Research Analysts conduct research, collect data, and analyze information to support business decision-making. They generate reports and recommendations based on their findings to aid in strategic planning.",research scientist research analysts conduct research collect data and analyze information to support business decisionmaking they generate reports and recommendations based on their findings to aid in strategic planning
Software Engineer,"DevOps Engineers focus on automating and streamlining the development and deployment processes. They work to improve collaboration between development and IT operations, implementing tools and practices for continuous integration and continuous delivery (CI/CD).",software engineer devops engineers focus on automating and streamlining the development and deployment processes they work to improve collaboration between development and it operations implementing tools and practices for continuous integration and continuous delivery cicd
Legal Advisor,"As a Legal Counsel, your responsibilities include providing legal advice, drafting contracts, and ensuring compliance with laws and regulations. You will represent the company in legal matters, negotiate agreements, and mitigate legal risks. Your role involves staying informed about changes in the law and advising management on legal issues affecting the business.",legal advisor as a legal counsel your responsibilities include providing legal advice drafting contracts and ensuring compliance with laws and regulations you will represent the company in legal matters negotiate agreements and mitigate legal risks your role involves staying informed about changes in the law and advising management on legal issues affecting the business
Database Administrator,A Database Security Specialist focuses on protecting databases from unauthorized access and data breaches. They implement security measures and ensure compliance with regulations.,database administrator a database security specialist focuses on protecting databases from unauthorized access and data breaches they implement security measures and ensure compliance with regulations
Graphic Designer,"Print Graphic Designers design graphics and layouts for printed materials such as brochures, posters, and packaging. They use their creativity and design skills to visually communicate messages and information effectively in printed form.",graphic designer print graphic designers design graphics and layouts for printed materials such as brochures posters and packaging they use their creativity and design skills to visually communicate messages and information effectively in printed form
Marketing Manager,"Digital Marketing Managers lead digital marketing efforts, including SEO, SEM, social media, email marketing, and content strategy. They develop and execute digital marketing campaigns to increase brand awareness, drive traffic, and generate leads or sales.",marketing manager digital marketing managers lead digital marketing efforts including seo sem social media email marketing and content strategy they develop and execute digital marketing campaigns to increase brand awareness drive traffic and generate leads or sales
Legal Assistant,"Assist in the preparation of litigation cases, manage electronic discovery, and handle technical aspects of trial preparation.",legal assistant assist in the preparation of litigation cases manage electronic discovery and handle technical aspects of trial preparation
Marketing Specialist,"Content Marketing Managers oversee the creation and distribution of content to attract and engage customers. They develop content strategies, manage content teams, and track performance metrics to optimize content marketing efforts.",marketing specialist content marketing managers oversee the creation and distribution of content to attract and engage customers they develop content strategies manage content teams and track performance metrics to optimize content marketing efforts
Family Lawyer,Mediators facilitate negotiations and dispute resolution between parties in conflict. They remain neutral and help parties reach mutually acceptable agreements through effective communication and problem-solving techniques.,family lawyer mediators facilitate negotiations and dispute resolution between parties in conflict they remain neutral and help parties reach mutually acceptable agreements through effective communication and problemsolving techniques
Finance Manager,"Accounting Managers supervise accounting teams. They ensure accurate financial reporting, manage budgets, and oversee financial transactions and compliance with accounting standards.",finance manager accounting managers supervise accounting teams they ensure accurate financial reporting manage budgets and oversee financial transactions and compliance with accounting standards
Business Development Manager,"A Sales Manager leads and guides the sales team, sets sales targets, develops sales strategies, and monitors performance to achieve revenue and growth objectives.",business development manager a sales manager leads and guides the sales team sets sales targets develops sales strategies and monitors performance to achieve revenue and growth objectives
Customer Support Specialist,"Help Desk Analysts provide technical support and assistance to internal employees or external customers. They troubleshoot hardware and software issues, offer solutions, and document support interactions to maintain a reliable IT environment.",customer support specialist help desk analysts provide technical support and assistance to internal employees or external customers they troubleshoot hardware and software issues offer solutions and document support interactions to maintain a reliable it environment
Event Planner,"Wedding Planners specialize in organizing weddings, assisting couples with every aspect of wedding planning, from venue selection to catering and decor.",event planner wedding planners specialize in organizing weddings assisting couples with every aspect of wedding planning from venue selection to catering and decor
Electrical Engineer,"Controls Engineers specialize in industrial automation, designing and implementing control systems for machinery and manufacturing processes. They optimize efficiency and safety.",electrical engineer controls engineers specialize in industrial automation designing and implementing control systems for machinery and manufacturing processes they optimize efficiency and safety
Pediatrician,"General Pediatricians provide medical care to infants, children, and adolescents. They diagnose and treat various pediatric conditions, offer preventive care, and educate patients and parents on child health and well-being.",pediatrician general pediatricians provide medical care to infants children and adolescents they diagnose and treat various pediatric conditions offer preventive care and educate patients and parents on child health and wellbeing
Office Manager,"Facilities Managers manage facilities and building operations. They oversee maintenance, security, and facility improvements to provide a safe and efficient working environment.",office manager facilities managers manage facilities and building operations they oversee maintenance security and facility improvements to provide a safe and efficient working environment
Physical Therapist,"Specialize in providing physical therapy to children, addressing developmental and mobility issues.",physical therapist specialize in providing physical therapy to children addressing developmental and mobility issues
Financial Advisor,"Investment Advisors offer financial advice to clients, helping them make investment decisions, manage portfolios, and achieve their financial goals.",financial advisor investment advisors offer financial advice to clients helping them make investment decisions manage portfolios and achieve their financial goals
Marketing Specialist,"Digital Marketing Specialists create and execute online marketing campaigns. They utilize digital channels like social media, email, and SEO to reach target audiences, generate leads, and improve brand visibility and engagement.",marketing specialist digital marketing specialists create and execute online marketing campaigns they utilize digital channels like social media email and seo to reach target audiences generate leads and improve brand visibility and engagement
Systems Engineer,"As a Cloud Systems Engineer, you will be responsible for designing, implementing, and managing cloud infrastructure solutions. You will work with cloud platforms like AWS, Azure, or GCP to build scalable and reliable systems. Your role involves optimizing cloud resources, ensuring security, and troubleshooting issues to maintain high system availability and performance.",systems engineer as a cloud systems engineer you will be responsible for designing implementing and managing cloud infrastructure solutions you will work with cloud platforms like aws azure or gcp to build scalable and reliable systems your role involves optimizing cloud resources ensuring security and troubleshooting issues to maintain high system availability and performance
Product Designer,"An Industrial Designer creates and improves product designs, focusing on aesthetics, functionality, and user experience to produce innovative and marketable products.",product designer an industrial designer creates and improves product designs focusing on aesthetics functionality and user experience to produce innovative and marketable products
Network Administrator,"Design, implement, and maintain computer networks, troubleshoot network issues, and ensure network performance and security.",network administrator design implement and maintain computer networks troubleshoot network issues and ensure network performance and security
Email Marketing Specialist,"Implement and manage marketing automation tools, workflows, and campaigns to streamline marketing efforts.",email marketing specialist implement and manage marketing automation tools workflows and campaigns to streamline marketing efforts
IT Support Specialist,"IT Systems Administrators manage and maintain an organizations IT infrastructure, including servers, networks, and security systems.",it support specialist it systems administrators manage and maintain an organizations it infrastructure including servers networks and security systems
Administrative Assistant,"Support high-level executives by managing schedules, coordinating meetings, and handling various administrative tasks.",administrative assistant support highlevel executives by managing schedules coordinating meetings and handling various administrative tasks
Quality Assurance Analyst,"Quality Assurance Managers lead quality assurance teams, ensuring that products or services meet established quality standards. They develop QA processes, set quality goals, and monitor compliance to maintain quality excellence.",quality assurance analyst quality assurance managers lead quality assurance teams ensuring that products or services meet established quality standards they develop qa processes set quality goals and monitor compliance to maintain quality excellence
Chemical Analyst,"As an Analytical Chemist, your primary responsibility is to analyze chemical compounds and substances using various laboratory techniques and equipment. You will conduct experiments, interpret results, and generate reports. Your role may involve developing analytical methods, maintaining lab equipment, and adhering to safety protocols to ensure accurate and reliable analyses.",chemical analyst as an analytical chemist your primary responsibility is to analyze chemical compounds and substances using various laboratory techniques and equipment you will conduct experiments interpret results and generate reports your role may involve developing analytical methods maintaining lab equipment and adhering to safety protocols to ensure accurate and reliable analyses
Environmental Consultant,"Environmental Compliance Officers ensure that organizations adhere to environmental regulations and standards. They conduct audits, develop compliance programs, and oversee efforts to minimize environmental impact and maintain regulatory compliance.",environmental consultant environmental compliance officers ensure that organizations adhere to environmental regulations and standards they conduct audits develop compliance programs and oversee efforts to minimize environmental impact and maintain regulatory compliance
Digital Marketing Specialist,"Email Marketing Specialists design and execute email marketing campaigns. They create email content, segment email lists, and analyze campaign performance to achieve marketing goals and engage subscribers.",digital marketing specialist email marketing specialists design and execute email marketing campaigns they create email content segment email lists and analyze campaign performance to achieve marketing goals and engage subscribers
Brand Ambassador,Social Media Influencers use their online presence to promote brands or products. They create engaging content and collaborate with companies to reach a wider audience.,brand ambassador social media influencers use their online presence to promote brands or products they create engaging content and collaborate with companies to reach a wider audience
Legal Counsel,"Employment Lawyers focus on employment law matters, assisting employers and employees with issues like workplace discrimination, labor disputes, and employment contracts. They offer legal counsel and represent clients in legal proceedings.",legal counsel employment lawyers focus on employment law matters assisting employers and employees with issues like workplace discrimination labor disputes and employment contracts they offer legal counsel and represent clients in legal proceedings
Project Coordinator,"Construction Project Coordinators assist in managing construction projects, handling documentation, budget tracking, and coordinating subcontractors.",project coordinator construction project coordinators assist in managing construction projects handling documentation budget tracking and coordinating subcontractors
Procurement Manager,"Promote diversity and inclusion in the supply chain, manage supplier diversity programs, and assess supplier performance.",procurement manager promote diversity and inclusion in the supply chain manage supplier diversity programs and assess supplier performance
Civil Engineer,"A Transportation Engineer plans and designs transportation systems, including roads, highways, and public transit. They aim to improve transportation efficiency and safety.",civil engineer a transportation engineer plans and designs transportation systems including roads highways and public transit they aim to improve transportation efficiency and safety
Environmental Engineer,"An Environmental Consultant assesses environmental impacts, provides regulatory compliance guidance, and develops strategies for sustainable practices and environmental protection.",environmental engineer an environmental consultant assesses environmental impacts provides regulatory compliance guidance and develops strategies for sustainable practices and environmental protection
Product Manager,"Agile Product Owners work closely with development teams in Agile environments. They define and prioritize product backlog items, communicate the product vision, and ensure that the product increments delivered align with customer needs and project objectives.",product manager agile product owners work closely with development teams in agile environments they define and prioritize product backlog items communicate the product vision and ensure that the product increments delivered align with customer needs and project objectives
Architectural Designer,Architectural Drafters assist architects and engineers in creating detailed technical drawings and plans for buildings and structures. They use computer-aided design (CAD) software to produce accurate and precise architectural drawings.,architectural designer architectural drafters assist architects and engineers in creating detailed technical drawings and plans for buildings and structures they use computeraided design cad software to produce accurate and precise architectural drawings
Nurse Manager,"Clinical Nurse Managers lead and supervise nursing staff in clinical settings. They coordinate patient care, manage resources, and support nursing teams in providing safe and effective patient treatment.",nurse manager clinical nurse managers lead and supervise nursing staff in clinical settings they coordinate patient care manage resources and support nursing teams in providing safe and effective patient treatment
Front-End Developer,"A Web Designer specializes in designing visually appealing and responsive websites. They create layouts, graphics, and user interfaces to enhance the online presence of businesses.",frontend developer a web designer specializes in designing visually appealing and responsive websites they create layouts graphics and user interfaces to enhance the online presence of businesses
Customer Service Manager,"Customer Experience Strategists develop and execute strategies to enhance the overall customer experience. They analyze customer feedback, identify pain points, and work across departments to improve products, services, and customer interactions.",customer service manager customer experience strategists develop and execute strategies to enhance the overall customer experience they analyze customer feedback identify pain points and work across departments to improve products services and customer interactions
Web Developer,"Full-Stack Developers are skilled in both frontend and backend development. They can work on all aspects of web application development, from creating user interfaces to designing databases and server infrastructure, providing end-to-end solutions.",web developer fullstack developers are skilled in both frontend and backend development they can work on all aspects of web application development from creating user interfaces to designing databases and server infrastructure providing endtoend solutions
Network Technician,"Network Support Specialists provide technical support for computer networks. They troubleshoot issues, maintain network infrastructure, and ensure reliable network performance.",network technician network support specialists provide technical support for computer networks they troubleshoot issues maintain network infrastructure and ensure reliable network performance
Aerospace Engineer,"Avionics Engineers focus on aircraft electronic systems. They design and maintain avionics systems such as communication, navigation, and instrumentation for safe flight operations.",aerospace engineer avionics engineers focus on aircraft electronic systems they design and maintain avionics systems such as communication navigation and instrumentation for safe flight operations
IT Administrator,"System Administrators manage and maintain computer systems and networks. They handle software installations, security measures, and troubleshooting to ensure system reliability.",it administrator system administrators manage and maintain computer systems and networks they handle software installations security measures and troubleshooting to ensure system reliability
Interior Designer,"A Hospitality Interior Designer specializes in creating inviting and functional interiors for hotels, restaurants, and other hospitality establishments.",interior designer a hospitality interior designer specializes in creating inviting and functional interiors for hotels restaurants and other hospitality establishments
Project Coordinator,"Project Managers plan, execute, and oversee projects, ensuring they are completed on time and within budget, while managing project teams and resources.",project coordinator project managers plan execute and oversee projects ensuring they are completed on time and within budget while managing project teams and resources
Customer Success Manager,"An Onboarding Specialist helps new employees integrate into the company. They facilitate orientation, training, and ensure a smooth transition into their roles.",customer success manager an onboarding specialist helps new employees integrate into the company they facilitate orientation training and ensure a smooth transition into their roles
SEO Specialist,"SEO Analysts optimize websites for search engines, conduct keyword research, analyze performance metrics, and implement strategies to improve search rankings.",seo specialist seo analysts optimize websites for search engines conduct keyword research analyze performance metrics and implement strategies to improve search rankings
Financial Analyst,"Budget Analysts manage and analyze financial data to develop, monitor, and report on budgets. They work with departments to ensure budget compliance, identify cost-saving opportunities, and provide financial insights to support strategic planning and decision-making.",financial analyst budget analysts manage and analyze financial data to develop monitor and report on budgets they work with departments to ensure budget compliance identify costsaving opportunities and provide financial insights to support strategic planning and decisionmaking
Systems Analyst,"A Business Systems Analyst analyzes business processes and requirements, recommends technology solutions, and bridges the gap between business objectives and IT systems.",systems analyst a business systems analyst analyzes business processes and requirements recommends technology solutions and bridges the gap between business objectives and it systems
Pediatrician,"Pediatric Specialists are doctors with expertise in specific pediatric subspecialties like cardiology, oncology, or gastroenterology. They provide specialized care and treatment for children with complex or rare medical conditions.",pediatrician pediatric specialists are doctors with expertise in specific pediatric subspecialties like cardiology oncology or gastroenterology they provide specialized care and treatment for children with complex or rare medical conditions
Marketing Director,"Marketing Communications Directors manage marketing communication efforts. They oversee messaging, branding, and promotional activities to effectively reach target audiences.",marketing director marketing communications directors manage marketing communication efforts they oversee messaging branding and promotional activities to effectively reach target audiences
Substance Abuse Counselor,"A Recovery Coach offers guidance and support to individuals in addiction recovery, aiding in their journey toward sobriety and helping them build a stable and fulfilling life.",substance abuse counselor a recovery coach offers guidance and support to individuals in addiction recovery aiding in their journey toward sobriety and helping them build a stable and fulfilling life
Occupational Therapist,A Mental Health Occupational Therapist assists individuals with mental health conditions in improving their daily functioning and coping skills through therapy and interventions.,occupational therapist a mental health occupational therapist assists individuals with mental health conditions in improving their daily functioning and coping skills through therapy and interventions
Sales Associate,"A Retail Sales Associate assists customers in retail environments, helping them find products, providing product information, and ensuring a positive shopping experience.",sales associate a retail sales associate assists customers in retail environments helping them find products providing product information and ensuring a positive shopping experience
Mechanical Engineer,"HVAC Engineers specialize in heating, ventilation, and air conditioning systems, designing efficient HVAC solutions for buildings and facilities.",mechanical engineer hvac engineers specialize in heating ventilation and air conditioning systems designing efficient hvac solutions for buildings and facilities
Electrical Designer,"PCB Designers specialize in designing printed circuit boards (PCBs). They create PCB layouts, ensure proper connectivity, and consider electrical and mechanical requirements.",electrical designer pcb designers specialize in designing printed circuit boards pcbs they create pcb layouts ensure proper connectivity and consider electrical and mechanical requirements
Art Director,"Creative Directors lead creative teams in developing visual and conceptual designs for various media, ensuring brand consistency and artistic quality.",art director creative directors lead creative teams in developing visual and conceptual designs for various media ensuring brand consistency and artistic quality
Nurse Manager,"Nurse Educators are responsible for teaching and mentoring nursing students and healthcare professionals. They develop and deliver educational programs, assess learning outcomes, and ensure the competence of nursing staff.",nurse manager nurse educators are responsible for teaching and mentoring nursing students and healthcare professionals they develop and deliver educational programs assess learning outcomes and ensure the competence of nursing staff
Data Scientist,"Data Engineers design and maintain data pipelines, ensuring data availability and quality for analysis and reporting purposes.",data scientist data engineers design and maintain data pipelines ensuring data availability and quality for analysis and reporting purposes
SEM Specialist,"Search Engine Marketers optimize online content for search engines. They use SEO strategies to improve website rankings, increase organic traffic, and enhance online visibility.",sem specialist search engine marketers optimize online content for search engines they use seo strategies to improve website rankings increase organic traffic and enhance online visibility
Business Analyst,"Healthcare Business Analysts work in the healthcare industry, analyzing data and processes to improve healthcare delivery. They collaborate with healthcare professionals and IT teams to optimize systems and workflows.",business analyst healthcare business analysts work in the healthcare industry analyzing data and processes to improve healthcare delivery they collaborate with healthcare professionals and it teams to optimize systems and workflows
Graphic Designer,"UI/UX Designers focus on creating user-friendly and visually appealing interfaces for digital products. They conduct user research, design wireframes and prototypes, and collaborate with development teams to ensure a seamless and enjoyable user experience.",graphic designer uiux designers focus on creating userfriendly and visually appealing interfaces for digital products they conduct user research design wireframes and prototypes and collaborate with development teams to ensure a seamless and enjoyable user experience
Financial Advisor,"Retirement Planners assist clients in planning for retirement, including savings strategies, pension options, and retirement income planning.",financial advisor retirement planners assist clients in planning for retirement including savings strategies pension options and retirement income planning
Psychologist,"School Psychologists work in educational settings, supporting students emotional and academic development. They provide counseling and assessments to enhance learning outcomes.",psychologist school psychologists work in educational settings supporting students emotional and academic development they provide counseling and assessments to enhance learning outcomes
Administrative Assistant,"Accurately input and maintain data in databases or spreadsheets, ensuring data integrity and organization.",administrative assistant accurately input and maintain data in databases or spreadsheets ensuring data integrity and organization
QA Analyst,"Software QA Testers ensure the quality of software products by designing and executing test cases, identifying defects, and reporting issues to developers. They play a critical role in ensuring software reliability and functionality.",qa analyst software qa testers ensure the quality of software products by designing and executing test cases identifying defects and reporting issues to developers they play a critical role in ensuring software reliability and functionality
Registered Nurse,"A Charge Nurse leads and supervises nursing staff, coordinates patient care, and ensures efficient operations within a healthcare unit or department.",registered nurse a charge nurse leads and supervises nursing staff coordinates patient care and ensures efficient operations within a healthcare unit or department
Back-End Developer,An API Developer creates and maintains application programming interfaces (APIs) that enable data exchange between different software applications or systems.,backend developer an api developer creates and maintains application programming interfaces apis that enable data exchange between different software applications or systems
UX Researcher,"Develop user experience (UX) strategies, create user journeys, and ensure user-centric design in product development.",ux researcher develop user experience ux strategies create user journeys and ensure usercentric design in product development
Chemical Engineer,"Monitor and maintain product quality standards, perform inspections, and implement quality control procedures.",chemical engineer monitor and maintain product quality standards perform inspections and implement quality control procedures
Product Manager,"Technical Product Managers oversee the development and enhancement of technical products. They define product requirements, prioritize features, collaborate with development teams, and ensure the product aligns with the companys strategic goals and market needs.",product manager technical product managers oversee the development and enhancement of technical products they define product requirements prioritize features collaborate with development teams and ensure the product aligns with the companys strategic goals and market needs
Structural Engineer,"A Construction Engineer manages construction projects, oversees project planning, budgets, and construction activities, and ensures projects are completed on time and within budget.",structural engineer a construction engineer manages construction projects oversees project planning budgets and construction activities and ensures projects are completed on time and within budget
Physical Therapist,"Provide physical therapy services to patients with orthopedic conditions, rehabilitate injuries, and improve mobility.",physical therapist provide physical therapy services to patients with orthopedic conditions rehabilitate injuries and improve mobility
Account Director,"Business Development Directors lead efforts to identify and pursue new business opportunities. They develop growth strategies, build relationships with clients, and oversee business development teams to achieve revenue and expansion goals.",account director business development directors lead efforts to identify and pursue new business opportunities they develop growth strategies build relationships with clients and oversee business development teams to achieve revenue and expansion goals
UX Researcher,Evaluate and improve the usability of websites and applications through user testing and analysis.,ux researcher evaluate and improve the usability of websites and applications through user testing and analysis
Accountant,"Forensic Accountants investigate financial discrepancies and fraud. They analyze financial documents, track financial transactions, and provide expert testimony in legal proceedings. They play a critical role in detecting and preventing financial fraud.",accountant forensic accountants investigate financial discrepancies and fraud they analyze financial documents track financial transactions and provide expert testimony in legal proceedings they play a critical role in detecting and preventing financial fraud
Customer Success Manager,A Customer Support Specialist assists customers with inquiries or issues related to a companys products or services. They provide solutions and maintain customer satisfaction.,customer success manager a customer support specialist assists customers with inquiries or issues related to a companys products or services they provide solutions and maintain customer satisfaction
Software Architect,"An Enterprise Architect oversees the overall IT infrastructure, ensuring it supports business processes, and develops strategies to enhance the organizations technology landscape.",software architect an enterprise architect oversees the overall it infrastructure ensuring it supports business processes and develops strategies to enhance the organizations technology landscape
Marketing Coordinator,"Event Marketing Coordinators focus on marketing events, including trade shows, exhibitions, and product launches, to maximize attendance and engagement.",marketing coordinator event marketing coordinators focus on marketing events including trade shows exhibitions and product launches to maximize attendance and engagement
Event Planner,"Corporate Event Planners organize business-related events such as seminars, conferences, and product launches, ensuring they meet corporate goals and standards.",event planner corporate event planners organize businessrelated events such as seminars conferences and product launches ensuring they meet corporate goals and standards
Public Relations Specialist,"Media Relations Specialists manage relationships with media outlets, crafting press releases, organizing media coverage, and handling public relations efforts.",public relations specialist media relations specialists manage relationships with media outlets crafting press releases organizing media coverage and handling public relations efforts
Dental Hygienist,A Dental Public Health Hygienist works to improve oral health at the community level. They develop and implement public health programs and educate individuals on oral hygiene.,dental hygienist a dental public health hygienist works to improve oral health at the community level they develop and implement public health programs and educate individuals on oral hygiene
Content Writer,"Copywriters create compelling written content for various mediums, such as advertising, websites, and marketing materials. They craft persuasive and engaging messages that resonate with target audiences.",content writer copywriters create compelling written content for various mediums such as advertising websites and marketing materials they craft persuasive and engaging messages that resonate with target audiences
Aerospace Engineer,"Aircraft Design Engineers design and develop aircraft systems and structures. They work on aircraft components, propulsion systems, and aerodynamics to ensure safety and efficiency.",aerospace engineer aircraft design engineers design and develop aircraft systems and structures they work on aircraft components propulsion systems and aerodynamics to ensure safety and efficiency
SEM Specialist,Paid Advertising Specialists manage paid advertising campaigns. They use platforms like Google Ads and social media advertising to reach target audiences and achieve marketing goals.,sem specialist paid advertising specialists manage paid advertising campaigns they use platforms like google ads and social media advertising to reach target audiences and achieve marketing goals
Urban Planner,Environmental Planners assess and mitigate the impact of projects on the environment. They ensure compliance with environmental regulations and promote sustainable practices.,urban planner environmental planners assess and mitigate the impact of projects on the environment they ensure compliance with environmental regulations and promote sustainable practices
Social Media Manager,"Community Managers build and engage online communities around a brand or product. They interact with community members, moderate discussions, and foster a sense of belonging and loyalty among community members.",social media manager community managers build and engage online communities around a brand or product they interact with community members moderate discussions and foster a sense of belonging and loyalty among community members
Chemical Engineer,"Optimize manufacturing processes, improve efficiency, and ensure product quality in industrial settings.",chemical engineer optimize manufacturing processes improve efficiency and ensure product quality in industrial settings
Research Analyst,A Data Analyst Researcher conducts research and analysis using data to support academic or scientific inquiries. They contribute to research projects and publish findings.,research analyst a data analyst researcher conducts research and analysis using data to support academic or scientific inquiries they contribute to research projects and publish findings
Landscape Architect,Create aesthetically pleasing and functional landscape designs for residential properties.,landscape architect create aesthetically pleasing and functional landscape designs for residential properties
Dental Hygienist,A Periodontal Therapist specializes in treating gum diseases and conditions. They perform procedures such as scaling and root planing to improve oral health and prevent tooth loss.,dental hygienist a periodontal therapist specializes in treating gum diseases and conditions they perform procedures such as scaling and root planing to improve oral health and prevent tooth loss
Landscape Designer,"Sustainable Landscape Specialists focus on creating environmentally friendly and sustainable landscapes. They incorporate eco-friendly practices, native plants, and water conservation techniques into landscape design and maintenance.",landscape designer sustainable landscape specialists focus on creating environmentally friendly and sustainable landscapes they incorporate ecofriendly practices native plants and water conservation techniques into landscape design and maintenance
Marketing Director,"Digital Marketing Directors lead digital marketing efforts. They develop and execute digital strategies, oversee campaigns, and measure performance to achieve marketing goals.",marketing director digital marketing directors lead digital marketing efforts they develop and execute digital strategies oversee campaigns and measure performance to achieve marketing goals
Family Nurse Practitioner,"Pediatric Nurse Practitioners specialize in pediatric care. They provide healthcare to children, including diagnosis, treatment, and preventive care.",family nurse practitioner pediatric nurse practitioners specialize in pediatric care they provide healthcare to children including diagnosis treatment and preventive care
Sales Consultant,"Sales Advisors provide expert advice to customers about products or services. They help customers make informed purchase decisions, answer questions, and offer solutions tailored to individual needs.",sales consultant sales advisors provide expert advice to customers about products or services they help customers make informed purchase decisions answer questions and offer solutions tailored to individual needs
Physical Therapist,"Focus on the physical therapy needs of elderly patients, addressing mobility and age-related conditions.",physical therapist focus on the physical therapy needs of elderly patients addressing mobility and agerelated conditions
Content Writer,"Technical Writers specialize in creating user-friendly documentation and manuals for technical products and services. They translate complex technical information into accessible, understandable content.",content writer technical writers specialize in creating userfriendly documentation and manuals for technical products and services they translate complex technical information into accessible understandable content
Mechanical Designer,"Design and optimize heating, ventilation, and air conditioning (HVAC) systems for buildings, focusing on energy efficiency and comfort.",mechanical designer design and optimize heating ventilation and air conditioning hvac systems for buildings focusing on energy efficiency and comfort
Chemical Analyst,"As a Research Chemist, you will engage in scientific research and experimentation to discover and develop new chemical compounds or processes. Your work may involve designing experiments, analyzing data, and publishing research findings. Your role contributes to the advancement of scientific knowledge and may have applications in various industries.",chemical analyst as a research chemist you will engage in scientific research and experimentation to discover and develop new chemical compounds or processes your work may involve designing experiments analyzing data and publishing research findings your role contributes to the advancement of scientific knowledge and may have applications in various industries
Legal Secretary,"A Legal Assistant supports legal professionals by performing administrative and research tasks, organizing legal documents, and assisting with legal proceedings and documentation.",legal secretary a legal assistant supports legal professionals by performing administrative and research tasks organizing legal documents and assisting with legal proceedings and documentation
Project Coordinator,"Administrative Coordinators support administrative tasks, including data entry, scheduling, and document management, to enhance organizational efficiency.",project coordinator administrative coordinators support administrative tasks including data entry scheduling and document management to enhance organizational efficiency
Human Resources Manager,"HR Generalists handle various HR functions, including recruitment, employee relations, benefits administration, and HR compliance. They serve as a resource for employees and management, ensuring HR policies and practices align with organizational goals and legal requirements.",human resources manager hr generalists handle various hr functions including recruitment employee relations benefits administration and hr compliance they serve as a resource for employees and management ensuring hr policies and practices align with organizational goals and legal requirements
Network Security Specialist,"Cybersecurity Analysts protect computer systems and networks from cyber threats. They monitor security systems, investigate breaches, and implement security measures to safeguard data.",network security specialist cybersecurity analysts protect computer systems and networks from cyber threats they monitor security systems investigate breaches and implement security measures to safeguard data
Finance Manager,"Financial Planning Managers oversee financial planning services. They lead a team of financial planners, develop financial strategies, and ensure clients financial goals are met.",finance manager financial planning managers oversee financial planning services they lead a team of financial planners develop financial strategies and ensure clients financial goals are met
Java Developer,"Java Web Application Developers create web applications using Java technologies. They develop user interfaces, integrate backend systems, and ensure the functionality and security of web applications to provide a seamless user experience.",java developer java web application developers create web applications using java technologies they develop user interfaces integrate backend systems and ensure the functionality and security of web applications to provide a seamless user experience
Brand Ambassador,"Product Demonstrators showcase products to potential customers. They explain features, answer questions, and help customers make informed purchase decisions.",brand ambassador product demonstrators showcase products to potential customers they explain features answer questions and help customers make informed purchase decisions
Structural Engineer,"A Bridge Engineer specializes in designing and maintaining bridges, ensuring their structural integrity, safety, and compliance with engineering standards and regulations.",structural engineer a bridge engineer specializes in designing and maintaining bridges ensuring their structural integrity safety and compliance with engineering standards and regulations
Sales Representative,"Outside Sales Representatives meet with potential customers in person to sell products or services. They build relationships, identify sales opportunities, and provide product information and solutions to meet the needs of clients and achieve sales goals.",sales representative outside sales representatives meet with potential customers in person to sell products or services they build relationships identify sales opportunities and provide product information and solutions to meet the needs of clients and achieve sales goals
Event Coordinator,"Plan and execute weddings, coordinate vendors, manage budgets, and oversee all aspects of the event to create a memorable day.",event coordinator plan and execute weddings coordinate vendors manage budgets and oversee all aspects of the event to create a memorable day
Physician Assistant,"Work in emergency departments, diagnose and treat acute medical conditions, and provide urgent care.",physician assistant work in emergency departments diagnose and treat acute medical conditions and provide urgent care
Web Designer,"E-commerce Web Designers specialize in designing and optimizing online stores and shopping websites. They focus on user experience, product presentation, and conversion rate optimization to drive online sales and customer engagement.",web designer ecommerce web designers specialize in designing and optimizing online stores and shopping websites they focus on user experience product presentation and conversion rate optimization to drive online sales and customer engagement
Copywriter,"Technical Copywriters create content that explains complex technical concepts in a clear and accessible manner. They often write user manuals, product documentation, and technical guides to assist users and customers.",copywriter technical copywriters create content that explains complex technical concepts in a clear and accessible manner they often write user manuals product documentation and technical guides to assist users and customers
Business Development Manager,"A Market Expansion Manager strategizes and executes plans to expand the companys presence in new markets, identifying growth opportunities and optimizing market penetration.",business development manager a market expansion manager strategizes and executes plans to expand the companys presence in new markets identifying growth opportunities and optimizing market penetration
Software Architect,"A Solution Architect designs and develops effective solutions for complex business problems, leveraging technology and aligning them with the organizations goals and objectives.",software architect a solution architect designs and develops effective solutions for complex business problems leveraging technology and aligning them with the organizations goals and objectives
Chemical Engineer,"Conduct research, design experiments, and develop innovative products or technologies in various industries.",chemical engineer conduct research design experiments and develop innovative products or technologies in various industries
Market Analyst,Competitive Intelligence Analysts gather data on competitors and industry trends. They analyze information to help businesses make informed decisions and gain a competitive edge.,market analyst competitive intelligence analysts gather data on competitors and industry trends they analyze information to help businesses make informed decisions and gain a competitive edge
Paralegal,"Assist in litigation cases, including document preparation, legal research, and trial support.",paralegal assist in litigation cases including document preparation legal research and trial support
Physician Assistant,"Provide medical care under the supervision of physicians, conduct examinations, diagnose and treat patients.",physician assistant provide medical care under the supervision of physicians conduct examinations diagnose and treat patients
Graphic Designer,"Web Graphic Designers create visually appealing graphics, images, and layouts for websites. They work closely with web developers and UI/UX designers to ensure that web content is aesthetically pleasing, on-brand, and engaging to users.",graphic designer web graphic designers create visually appealing graphics images and layouts for websites they work closely with web developers and uiux designers to ensure that web content is aesthetically pleasing onbrand and engaging to users
Mechanical Designer,"Design and develop innovative products, from concept to production, ensuring usability, functionality, and aesthetics.",mechanical designer design and develop innovative products from concept to production ensuring usability functionality and aesthetics
Marketing Analyst,"Analyze digital marketing campaigns, track performance metrics, and optimize online marketing strategies.",marketing analyst analyze digital marketing campaigns track performance metrics and optimize online marketing strategies
Legal Secretary,"A Court Clerk manages administrative tasks within a court system, including maintaining court records, scheduling hearings, and assisting judges and legal professionals as needed.",legal secretary a court clerk manages administrative tasks within a court system including maintaining court records scheduling hearings and assisting judges and legal professionals as needed
Teacher,A Subject Matter Expert possesses deep knowledge in a specific field and provides expertise to solve complex problems or guide decision-making within that domain.,teacher a subject matter expert possesses deep knowledge in a specific field and provides expertise to solve complex problems or guide decisionmaking within that domain
Brand Ambassador,"Brand Promoters are responsible for promoting a companys brand or products. They engage with the target audience, create marketing strategies, and build brand awareness.",brand ambassador brand promoters are responsible for promoting a companys brand or products they engage with the target audience create marketing strategies and build brand awareness
SEO Analyst,"As an SEO Content Strategist, your primary responsibility is to develop and execute content strategies that enhance our online presence. You will conduct keyword research, optimize website content, and collaborate with the marketing team to improve search engine rankings and drive organic traffic. Your role involves staying updated with SEO trends and implementing best practices to boost our websites visibility and engagement.",seo analyst as an seo content strategist your primary responsibility is to develop and execute content strategies that enhance our online presence you will conduct keyword research optimize website content and collaborate with the marketing team to improve search engine rankings and drive organic traffic your role involves staying updated with seo trends and implementing best practices to boost our websites visibility and engagement
Sales Consultant,"Sales Trainers develop and deliver training programs to sales teams. They teach sales techniques, product knowledge, and communication skills to improve the performance and effectiveness of sales representatives.",sales consultant sales trainers develop and deliver training programs to sales teams they teach sales techniques product knowledge and communication skills to improve the performance and effectiveness of sales representatives
Finance Manager,"Treasury Managers manage a companys treasury operations. They oversee cash management, investments, and financial risk management to maintain liquidity and financial stability.",finance manager treasury managers manage a companys treasury operations they oversee cash management investments and financial risk management to maintain liquidity and financial stability
Tax Consultant,"A Business Tax Consultant specializes in tax planning and compliance for businesses. They assist with tax strategy, filings, and help organizations minimize tax liabilities.",tax consultant a business tax consultant specializes in tax planning and compliance for businesses they assist with tax strategy filings and help organizations minimize tax liabilities
HR Manager,"An Employee Development Manager focuses on employee growth and skill development, designing and implementing training programs to enhance employee capabilities and performance.",hr manager an employee development manager focuses on employee growth and skill development designing and implementing training programs to enhance employee capabilities and performance
